s_m,x_m,y_m,psi_rad,kappa_radpm,vx_mps,ax_mps2,w_tr_right_m,w_tr_left_m
0.0000000,8.2356849,3.0420832,1.2463831,-0.6446664,2.9492079,0.2183808,0.4896,0.5938
0.0499741,8.1883329,3.0588546,1.2146271,-0.6189997,2.9529061,0.4276769,0.5094,0.5883
0.0999482,8.1417311,3.0770056,1.1843773,-0.5901530,2.9601351,0.6531268,0.5292,0.5828
0.1499223,8.0958340,3.0964578,1.1557324,-0.5586661,2.9711410,0.8912492,0.5490,0.5773
0.1998965,8.0505495,3.1171549,1.1287436,-0.5252714,2.9860940,1.1374703,0.5692,0.5722
0.2498706,8.0056995,3.1390905,1.1033791,-0.4903511,3.0050700,1.3908195,0.6000,0.5780
0.2998447,7.9613942,3.1621200,1.0798122,-0.4532577,3.0281109,1.6599946,0.6308,0.5838
0.3498188,7.9175636,3.1861785,1.0581110,-0.4145783,3.0553836,1.9425522,0.6616,0.5896
0.3997929,7.8743211,3.2110930,1.0384028,-0.3752266,3.0869927,2.2331687,0.6919,0.5942
0.4497670,7.8316516,3.2367522,1.0206937,-0.3361529,3.1229353,2.5260174,0.7173,0.5850
0.4997412,7.7892662,3.2632182,1.0048686,-0.2973086,3.1630991,2.8247305,0.7427,0.5757
0.5497153,7.7471134,3.2904193,0.9909197,-0.2588941,3.2074168,3.1303200,0.7681,0.5665
0.5996894,7.7055549,3.3180061,0.9789430,-0.2214578,3.2558244,3.4398854,0.7926,0.5579
0.6496635,7.6643692,3.3460056,0.9688260,-0.1849826,3.3082024,3.7560437,0.8098,0.5536
0.6996376,7.6232680,3.3745060,0.9604707,-0.1492756,3.3644633,4.0832603,0.8271,0.5494
0.7496117,7.5822069,3.4034360,0.9538540,-0.1143377,3.4245770,4.4238965,0.8443,0.5451
0.7995859,7.5416256,3.4323773,0.9490004,-0.0805648,3.4885367,4.7754874,0.8580,0.5384
0.8495600,7.5011542,3.4614864,0.9458079,-0.0476447,3.5562888,5.0463799,0.8503,0.5171
0.8995341,7.4606048,3.4907983,0.9442345,-0.0153662,3.6265089,5.0362654,0.8426,0.4958
0.9495082,7.4199412,3.5202405,0.9442620,0.0163577,3.6952581,5.0261711,0.8349,0.4745
0.9994823,7.3795218,3.5494558,0.9458572,0.0475737,3.7626174,5.0160971,0.8265,0.4553
1.0494564,7.3390045,3.5785957,0.9490031,0.0784357,3.8286603,4.5562828,0.8145,0.4473
1.0994305,7.2982798,3.6076434,0.9536937,0.1090591,3.8876769,4.0485891,0.8024,0.4393
1.1494047,7.2573178,3.6365241,0.9599241,0.1395381,3.9393757,3.5233496,0.7904,0.4313
1.1993788,7.2163020,3.6650161,0.9676599,0.1703320,3.9838215,2.9784232,0.7783,0.4246
1.2493529,7.1750322,3.6931670,0.9769418,0.2012845,4.0210101,2.4212918,0.7661,0.4237
1.2993270,7.1334476,3.7209238,0.9877830,0.2324180,4.0509907,1.8568104,0.7538,0.4228
1.3493011,7.0915231,3.7482084,1.0001925,0.2637915,4.0738324,-1.4987393,0.7416,0.4219
1.3992752,7.0492661,3.7749244,1.0140572,0.2901468,4.0554056,-1.1684146,0.7288,0.4211
1.4492494,7.0066332,3.8010202,1.0292035,0.3159337,4.0409817,-0.7667877,0.7129,0.4208
1.4992235,6.9636042,3.8264333,1.0456429,0.3420400,4.0314878,-0.3499818,0.6970,0.4205
1.5491976,6.9201636,3.8510980,1.0633877,0.3684348,4.0271471,-0.3245750,0.6812,0.4203
1.5991717,6.8762580,3.8749771,1.0819485,0.3707028,4.0231174,-0.3245750,0.6658,0.4209
1.6491458,6.8319237,3.8980356,1.1004224,0.3686251,4.0190836,-0.2783382,0.6536,0.4274
1.6991199,6.7871769,3.9202713,1.1187868,0.3664018,4.0156212,-0.2316743,0.6414,0.4340
1.7490940,6.7420274,3.9416855,1.1370379,0.3640433,4.0127370,-0.1847483,0.6292,0.4406
1.7990682,6.6965323,3.9622610,1.1550163,0.3550912,4.0104355,-0.0336741,0.6168,0.4463
1.8490423,6.6506660,3.9820324,1.1724968,0.3448476,4.0100158,0.1323086,0.6030,0.4429
1.8990164,6.6044341,4.0010237,1.1894736,0.3344625,4.0116644,0.2946151,0.5892,0.4395
1.9489905,6.5578503,4.0192552,1.2059432,0.3239792,4.0153328,0.4531965,0.5754,0.4361
1.9989646,6.5110974,4.0366857,1.2218398,0.3131376,4.0209692,0.6129016,0.5616,0.4327
2.0489387,6.4640509,4.0533929,1.2371999,0.3021763,4.0285794,0.7703879,0.5483,0.4286
2.0989129,6.4166930,4.0694099,1.2520319,0.2911811,4.0381247,0.9248683,0.5350,0.4244
2.1488870,6.3690355,4.0847583,1.2663355,0.2801851,4.0495543,1.0764200,0.5218,0.4203
2.1988611,6.3213490,4.0993824,1.2800297,0.2688425,4.0628163,1.2313448,0.5085,0.4162
2.2488352,6.2734420,4.1133739,1.2931626,0.2574440,4.0779341,1.3853433,0.5027,0.4290
2.2988093,6.2252716,4.1267725,1.3057505,0.2460899,4.0948760,1.5373057,0.4976,0.4436
2.3487834,6.1768481,4.1396012,1.3177950,0.2348029,4.1135946,1.6874062,0.4926,0.4582
2.3987576,6.1284841,4.1518085,1.3292192,0.2231607,4.1340433,1.8433942,0.4875,0.4728
2.4487317,6.0799742,4.1634797,1.3400618,0.2114784,4.1562673,2.0003886,0.4846,0.4771
2.4987058,6.0312429,4.1746610,1.3503451,0.1998935,4.1802503,2.1565387,0.4823,0.4785
2.5486799,5.9822990,4.1853768,1.3600724,0.1884191,4.2059523,2.3121129,0.4800,0.4799
2.5986540,5.9334518,4.1955902,1.3691844,0.1766376,4.2333352,2.4750738,0.4777,0.4813
2.6486281,5.8845387,4.2053682,1.3776992,0.1647899,4.2624530,2.6416725,0.4691,0.4813
2.6986022,5.8354405,4.2147638,1.3856432,0.1530634,4.2933130,2.8090167,0.4563,0.4804
2.7485764,5.7861644,4.2238026,1.3930202,0.1414647,4.3258863,2.9774633,0.4435,0.4794
2.7985505,5.7369760,4.2324661,1.3997919,0.1294907,4.3601473,3.1570320,0.4308,0.4785
2.8485246,5.6878081,4.2407987,1.4059448,0.1172969,4.3961830,3.3455079,0.4195,0.4799
2.8984987,5.6384867,4.2488605,1.4115049,0.1052416,4.4340503,3.5365989,0.4103,0.4848
2.9484728,5.5890189,4.2566790,1.4164765,0.0933243,4.4737321,3.7308248,0.4011,0.4896
2.9984469,5.5395993,4.2642534,1.4208519,0.0819143,4.5152152,3.9211652,0.3919,0.4945
3.0484211,5.4902906,4.2716045,1.4246655,0.0710989,4.5584078,4.1059366,0.3844,0.4995
3.0983952,5.4408537,4.2787955,1.4279494,0.0603899,4.6032014,4.2954486,0.3849,0.5052
3.1483693,5.3912923,4.2858518,1.4307067,0.0497885,4.6496006,4.4901024,0.3854,0.5109
3.1983434,5.3417121,4.2927846,1.4329393,0.0397657,4.6976125,4.6799362,0.3859,0.5166
3.2483175,5.2923299,4.2995894,1.4347097,0.0312835,4.7471375,4.8431053,0.3864,0.5223
3.2982916,5.2428421,4.3063301,1.4360622,0.0228969,4.7978510,4.8383815,0.3904,0.5237
3.3482657,5.1932574,4.3130262,1.4369998,0.0145963,4.8479854,4.8286839,0.3948,0.5246
3.3982399,5.1435917,4.3196962,1.4375248,0.0063227,4.8975076,4.8190057,0.3992,0.5255
3.4482140,5.0941431,4.3263219,1.4375838,-0.0039428,4.9464363,4.8093470,0.4036,0.5264
3.4981881,5.0446338,4.3329657,1.4371317,-0.0141484,4.9947890,4.7997075,0.4041,0.5253
3.5481622,4.9950810,4.3396511,1.4361699,-0.0243203,5.0425826,4.7900874,0.4019,0.5227
3.5981363,4.9455020,4.3464013,1.4346987,-0.0344841,5.0898330,4.5871279,0.3996,0.5202
3.6481104,4.8959827,4.3532304,1.4327223,-0.0445774,5.1346739,4.2960150,0.3974,0.5177
3.6980846,4.8464884,4.3601685,1.4302423,-0.0546682,5.1763167,3.9978882,0.3955,0.5163
3.7480587,4.7970115,4.3672421,1.4272571,-0.0647959,5.2147710,3.6926209,0.3945,0.5188
3.7980328,4.7475645,4.3744748,1.4237650,-0.0749753,5.2500388,3.3807301,0.3935,0.5213
3.8480069,4.6981240,4.3818957,1.4197895,-0.0829992,5.2821213,-1.3973495,0.3924,0.5238
3.8979810,4.6487025,4.3895235,1.4154891,-0.0889988,5.2688844,-3.9476522,0.3914,0.5262
3.9479551,4.5993415,4.3973669,1.4108900,-0.0950481,5.2313079,-3.8115317,0.3947,0.5317
3.9979293,4.5500486,4.4054397,1.4059902,-0.1011510,5.1947691,-3.8080560,0.3986,0.5377
4.0479034,4.5007914,4.4137623,1.4008159,-0.1024418,5.1580052,-3.8051477,0.4025,0.5436
4.0978775,4.4515038,4.4223468,1.3959948,-0.0902797,5.1210058,-4.1559075,0.4064,0.5495
4.1478516,4.4022946,4.4311467,1.3917864,-0.0780816,5.0802878,-4.5003699,0.4138,0.5568
4.1978257,4.3531610,4.4401311,1.3881917,-0.0658458,5.0358237,-4.8372107,0.4247,0.5654
4.2477998,4.3040945,4.4492700,1.3852116,-0.0534603,4.9875896,-5.1675875,0.4357,0.5740
4.2977739,4.2549072,4.4585659,1.3829418,-0.0372145,4.9355404,-5.5812814,0.4466,0.5826
4.3477481,4.2057865,4.4679440,1.3814883,-0.0208987,4.8787006,-5.9798497,0.4594,0.5910
4.3977222,4.1567287,4.4773632,1.3808535,-0.0045012,4.8170576,-6.1821134,0.4853,0.5978
4.4476963,4.1077300,4.4867825,1.3810398,0.0119904,4.7524891,-5.8362952,0.5111,0.6046
4.4976704,4.0585730,4.4962019,1.3820330,0.0274936,4.6907169,-5.5109547,0.5369,0.6114
4.5476445,4.0094186,4.5055507,1.3837923,0.0428506,4.6316320,-5.1985915,0.5627,0.6182
4.5976186,3.9603165,4.5147806,1.3863194,0.0583390,4.5751967,-4.8977240,0.5733,0.6123
4.6475928,3.9112651,4.5238531,1.3896187,0.0739732,4.5213832,-4.6300271,0.5796,0.6027
4.6975669,3.8620464,4.5327687,1.3936963,0.0886202,4.4699153,-4.3849580,0.5858,0.5932
4.7475410,3.8127378,4.5414749,1.3984852,0.1026987,4.4206192,-4.1464208,0.5921,0.5836
4.7975151,3.7634797,4.5499115,1.4039731,0.1169602,4.3734937,-3.9134655,0.5974,0.5718
4.8474892,3.7142732,4.5580437,1.4101659,0.1314167,4.3285451,-3.7037867,0.6016,0.5574
4.8974633,3.6649216,4.5658677,1.4170876,0.1450779,4.2855707,-3.5207851,0.6057,0.5429
4.9474374,3.6153737,4.5733545,1.4246722,0.1576789,4.2443162,-3.3400542,0.6099,0.5285
4.9974116,3.5658853,4.5804334,1.4328744,0.1704996,4.2048053,-3.1610401,0.6119,0.5157
5.0473857,3.5164601,4.5870743,1.4417013,0.1835461,4.1670669,-2.9965966,0.6035,0.5108
5.0973598,3.4669374,4.5932671,1.4511868,0.1960519,4.1309735,-2.8620576,0.5951,0.5058
5.1473339,3.4171208,4.5990013,1.4612932,0.2070708,4.0962037,-2.7273380,0.5866,0.5009
5.1973080,3.3673838,4.6042044,1.4719287,0.2183210,4.0627936,-2.5921630,0.5782,0.4960
5.2472821,3.3177328,4.6088518,1.4831012,0.2298025,4.0307828,-2.4654133,0.5677,0.4925
5.2972563,3.2680423,4.6129290,1.4948469,0.2409541,4.0000995,-2.3690668,0.5571,0.4891
5.3472304,3.2179945,4.6164294,1.5071712,0.2503840,3.9703920,-2.2715107,0.5465,0.4857
5.3972045,3.1680570,4.6192931,1.5199356,0.2600287,3.9416975,-2.1726592,0.5358,0.4823
5.4471786,3.1182385,4.6215013,1.5331474,0.2698827,3.9140549,-2.0789646,0.5197,0.4864
5.4971527,3.0684332,4.6230379,1.5468436,0.2795179,3.8874203,-2.0123466,0.5019,0.4928
5.5471268,3.0182618,4.6238845,1.5610686,0.2874855,3.8614642,-1.9445653,0.4840,0.4992
5.5971010,2.9682404,4.6240081,1.5756519,0.2956231,3.8362156,-1.8756614,0.4662,0.5057
5.6470751,2.9183789,4.6233950,1.5905995,0.3039213,3.8117032,-1.8108408,0.4579,0.5109
5.6970492,2.8685669,4.6220276,1.6059527,0.3120198,3.7878874,-1.7660434,0.4547,0.5156
5.7470233,2.8184463,4.6198690,1.6217760,0.3188174,3.7645156,-1.7208341,0.4515,0.5202
5.7969974,2.7685203,4.6169195,1.6378933,0.3257173,3.7416017,-1.6753416,0.4483,0.5249
5.8469715,2.7187992,4.6131696,1.6543083,0.3327064,3.7191580,-1.6329638,0.4458,0.5269
5.8969456,2.6691493,4.6085957,1.6710719,0.3395399,3.6971508,-1.6003147,0.4440,0.5272
5.9469198,2.6193117,4.6031499,1.6882500,0.3457396,3.6754559,-1.5685838,0.4421,0.5274
5.9968939,2.5697137,4.5968598,1.7056905,0.3519401,3.6540660,-1.5379892,0.4402,0.5276
6.0468680,2.5203648,4.5897181,1.7233937,0.3581235,3.6329711,-1.5078479,0.4347,0.5257
6.0968421,2.4711088,4.5816891,1.7414210,0.3643385,3.6121701,-1.4777734,0.4269,0.5225
6.1468162,2.4218313,4.5727322,1.7598264,0.3706117,3.5916670,-1.4496638,0.4191,0.5192
6.1967903,2.3728361,4.5628849,1.7785030,0.3767976,3.5714395,-1.4238253,0.4112,0.5160
6.2467645,2.3241327,4.5521393,1.7974479,0.3828713,3.5514605,-1.3855543,0.4023,0.5068
6.2967386,2.2755778,4.5404492,1.8167333,0.3899671,3.5319099,-1.3362194,0.3928,0.4948
6.3467127,2.2271838,4.5277949,1.8364415,0.3979680,3.5129525,-1.2911927,0.3833,0.4828
6.3966868,2.1791107,4.5141974,1.8565172,0.4056489,3.4945361,-1.2510303,0.3738,0.4708
6.4466609,2.1313659,4.4996421,1.8769493,0.4129607,3.4765995,-1.1946260,0.3702,0.4573
6.4966350,2.0838949,4.4840932,1.8977808,0.4215940,3.4593849,-1.1294498,0.3680,0.4436
6.5466092,2.0367447,4.4675418,1.9190822,0.4309158,3.4430302,-1.0658302,0.3658,0.4298
6.5965833,1.9899657,4.4499806,1.9408433,0.4400568,3.4275252,-1.0043074,0.3636,0.4160
6.6465574,1.9435771,4.4313923,1.9630588,0.4489585,3.4128508,-0.8365595,0.3678,0.4002
6.6965315,1.8976476,4.4117785,1.9858846,0.4665658,3.4005791,-0.6414069,0.3721,0.3843
6.7465056,1.8521755,4.3910942,2.0096784,0.4860250,3.3911400,-0.4383543,0.3764,0.3684
6.7964797,1.8071955,4.3693002,2.0344590,0.5055316,3.3846739,-0.2292734,0.3837,0.3546
6.8464538,1.7627524,4.3463619,2.0602294,0.5247919,3.3812871,-0.2292734,0.4051,0.3508
6.8964280,1.7190357,4.3223395,2.0862233,0.5173626,3.3778968,-0.1320178,0.4264,0.3470
6.9464021,1.6759050,4.2971679,2.1118715,0.5097743,3.3759431,-0.0384429,0.4478,0.3432
6.9963762,1.6333708,4.2708695,2.1371726,0.5020802,3.3753740,0.0512527,0.4637,0.3430
7.0463503,1.5914893,4.2434975,2.1620963,0.4933444,3.3761327,0.1481514,0.4705,0.3488
7.0963244,1.5504573,4.2152160,2.1863342,0.4793634,3.3783250,0.3001159,0.4773,0.3546
7.1462985,1.5100302,4.1859013,2.2099226,0.4653489,3.3827615,0.4455038,0.4841,0.3604
7.1962727,1.4702060,4.1555856,2.2328639,0.4513846,3.3893367,0.5843063,0.4829,0.3694
7.2462468,1.4310919,4.1243903,2.2551020,0.4376651,3.3979410,0.7151800,0.4755,0.3809
7.2962209,1.3928391,4.0924898,2.2765692,0.4243180,3.4084431,0.8375209,0.4681,0.3925
7.3461950,1.3551671,4.0596975,2.2974301,0.4110419,3.4207007,0.9556692,0.4607,0.4040
7.3961691,1.3180705,4.0260408,2.3176891,0.3978941,3.4346340,1.0695938,0.4526,0.4128
7.4461432,1.2817064,3.9917038,2.3372601,0.3843752,3.4501615,1.1858367,0.4442,0.4205
7.4961173,1.2461642,3.9568294,2.3560438,0.3700931,3.4672953,1.3096041,0.4358,0.4282
7.5460915,1.2111600,3.9211912,2.3741778,0.3559705,3.4861195,1.4301700,0.4275,0.4359
7.5960656,1.1766829,3.8848157,2.3916688,0.3420506,3.5065613,1.5475778,0.4219,0.4430
7.6460397,1.1429097,3.8479382,2.4084197,0.3272527,3.5285479,1.6758121,0.4171,0.4500
7.6960138,1.1098899,3.8106798,2.4243095,0.3111322,3.5522028,1.8210516,0.4122,0.4569
7.7459879,1.0773398,3.7727829,2.4394550,0.2952601,3.5777305,1.9639377,0.4074,0.4639
7.7959620,1.0452412,3.7342746,2.4538648,0.2796671,3.6050586,2.1046977,0.4025,0.4710
7.8459362,1.0137551,3.6954073,2.4674587,0.2631303,3.6341173,2.2600466,0.3977,0.4781
7.8959103,0.9829335,3.6563221,2.4801055,0.2450777,3.6650642,2.4385731,0.3928,0.4853
7.9458844,0.9524850,3.6167242,2.4919028,0.2273367,3.6981654,2.6165858,0.3880,0.4924
7.9958585,0.9223831,3.5766416,2.5028605,0.2099236,3.7333564,2.7945909,0.3872,0.4999
8.0458326,0.8927427,3.5362966,2.5129362,0.1921413,3.7705788,2.9831713,0.3875,0.5075
8.0958067,0.8636641,3.4959105,2.5220280,0.1733064,3.8099117,3.1932995,0.3878,0.5152
8.1457809,0.8348370,3.4551353,2.5302185,0.1547979,3.8515701,3.4061508,0.3882,0.5228
8.1957550,0.8062294,3.4139983,2.5375178,0.1366186,3.8955142,3.6224968,0.3938,0.5263
8.2457291,0.7778912,3.3726476,2.5439188,0.1188577,3.9417119,3.8417241,0.4021,0.5278
8.2957032,0.7500111,3.3314425,2.5494048,0.1017368,3.9901211,4.0609694,0.4104,0.5293
8.3456773,0.7222500,3.2899617,2.5540611,0.0848951,4.0406624,4.2865092,0.4187,0.5308
8.3956514,0.6945761,3.2482288,2.5578961,0.0683289,4.0933339,4.5191202,0.4220,0.5345
8.4456255,0.6669674,3.2062831,2.5609172,0.0523679,4.1481394,4.7538403,0.4195,0.5407
8.4955997,0.6397391,3.1646701,2.5634178,0.0482128,4.2050206,4.7929031,0.4169,0.5468
8.5455738,0.6125267,3.1228628,2.5657205,0.0441219,4.2616007,4.8344947,0.4144,0.5530
8.5955479,0.5853231,3.0808666,2.5678271,0.0400943,4.3179207,4.8785782,0.4132,0.5591
8.6455220,0.5581210,3.0386873,2.5697396,0.0361286,4.3740193,4.9163360,0.4176,0.5652
8.6954961,0.5311848,2.9967532,2.5714817,0.0341994,4.4298334,4.9064821,0.4219,0.5713
8.7454702,0.5043137,2.9547630,2.5731524,0.0328304,4.4848431,4.8966480,0.4263,0.5775
8.7954444,0.4774340,2.9126074,2.5747600,0.0314868,4.5390780,4.8868336,0.4306,0.5836
8.8454185,0.4505448,2.8702900,2.5763055,0.0301676,4.5925657,4.8770389,0.4354,0.5870
8.8953926,0.4237998,2.8280587,2.5777760,0.0284528,4.6453322,4.8672638,0.4402,0.5900
8.9453667,0.3972011,2.7859263,2.5791409,0.0263428,4.6974020,4.8575083,0.4451,0.5930
8.9953408,0.3705893,2.7436501,2.5804049,0.0242676,4.7487983,4.8477724,0.4499,0.5960
9.0453149,0.3439625,2.7012360,2.5815689,0.0222254,4.7995428,4.8380559,0.4525,0.5996
9.0952890,0.3173591,2.6587542,2.5826320,0.0200990,4.8496563,4.8283590,0.4523,0.6039
9.1452632,0.2909641,2.6165113,2.5835646,0.0173545,4.8991583,4.8186814,0.4521,0.6082
9.1952373,0.2645478,2.5741528,2.5843632,0.0146465,4.9480674,-1.8639466,0.4519,0.6125
9.2452114,0.2381075,2.5316864,2.5850289,0.0119723,4.9292061,-6.1963964,0.4518,0.6168
9.2951855,0.2116401,2.4891199,2.5855626,0.0093290,4.8659792,-6.2539976,0.4593,0.6265
9.3451596,0.1853061,2.4467239,2.5859562,0.0063641,4.8013204,-6.3156576,0.4668,0.6363
9.3951337,0.1589904,2.4043271,2.5861977,0.0033190,4.7351282,-6.3753039,0.4744,0.6460
9.4451079,0.1326382,2.3618561,2.5862880,0.0003002,4.6673589,-6.3670869,0.4819,0.6558
9.4950820,0.1062462,2.3193193,2.5862279,-0.0026954,4.5986802,-6.2896658,0.4953,0.6657
9.5450561,0.0798635,2.2768103,2.5860164,-0.0059367,4.5298144,-6.2064309,0.5148,0.6757
9.5950302,0.0535373,2.2344207,2.5856267,-0.0096795,4.4608180,-6.1282193,0.5343,0.6857
9.6450043,0.0271596,2.1919939,2.5850500,-0.0134053,4.3916275,-6.0548291,0.5538,0.6958
9.6949784,0.0007259,2.1495404,2.5842867,-0.0171185,4.3221780,-5.9860780,0.5732,0.7058
9.7449526,-0.0257685,2.1070707,2.5833370,-0.0208234,4.2524022,-5.9425520,0.5725,0.6936
9.7949267,-0.0522431,2.0647301,2.5822311,-0.0233383,4.1819825,-5.9045462,0.5707,0.6803
9.8449008,-0.0787748,2.0224080,2.5810063,-0.0257020,4.1108184,-5.8692864,0.5689,0.6670
9.8948749,-0.1053773,1.9800939,2.5796625,-0.0280667,4.0388369,-5.8367259,0.5672,0.6537
9.9448490,-0.1320534,1.9377944,2.5781998,-0.0304340,3.9659593,-5.7682981,0.5598,0.6372
9.9948231,-0.1587932,1.8955370,2.5765919,-0.0353450,3.8925958,-5.6540020,0.5435,0.6156
10.0447972,-0.1855976,1.8533437,2.5746146,-0.0437728,3.8193186,-5.5481994,0.5273,0.5940
10.0947714,-0.2124945,1.8112087,2.5722149,-0.0522498,3.7460194,-5.4504526,0.5111,0.5724
10.1447455,-0.2394940,1.7691557,2.5693905,-0.0607972,3.6725874,-5.3603931,0.4948,0.5508
10.1947196,-0.2666061,1.7272079,2.5661386,-0.0694358,3.5989077,-5.1164691,0.4830,0.5471
10.2446937,-0.2939768,1.6851902,2.5621318,-0.0910725,3.5271454,-4.8792249,0.4723,0.5477
10.2946678,-0.3215045,1.6433505,2.5570033,-0.1138180,3.4573234,-4.6550325,0.4615,0.5483
10.3446419,-0.3492087,1.6017602,2.5507359,-0.1371311,3.3893690,-4.4417068,0.4508,0.5489
10.3946161,-0.3771162,1.5604800,2.5433079,-0.1611536,3.3232336,-4.4377172,0.4392,0.5475
10.4445902,-0.4054842,1.5192349,2.5348538,-0.1674339,3.2558163,-4.4349109,0.4249,0.5386
10.4945643,-0.4343109,1.4780645,2.5267412,-0.1553858,3.1870172,-4.6229544,0.4105,0.5297
10.5445384,-0.4633264,1.4373041,2.5192687,-0.1432966,3.1136831,-4.8030190,0.3961,0.5208
10.5945125,-0.4924891,1.3969509,2.5124364,-0.1311293,3.0356167,-4.9734034,0.3817,0.5119
10.6444866,-0.5218570,1.3568670,2.5062647,-0.1064359,2.9526067,-5.2395159,0.3730,0.5038
10.6944607,-0.5519426,1.3162102,2.5037595,0.0080920,2.8625523,-5.1802564,0.3672,0.4962
10.7444349,-0.5817964,1.2758316,2.5071231,0.1268403,2.7706404,-4.3257182,0.3614,0.4886
10.7944090,-0.6111470,1.2356013,2.5165049,0.2511770,2.6914866,-3.5018737,0.3556,0.4810
10.8443831,-0.6397233,1.1953893,2.5320969,0.3824109,2.6256607,-2.9397897,0.3523,0.4725
10.8943572,-0.6683240,1.1534819,2.5541754,0.4837029,2.5690986,-2.3922698,0.3585,0.4610
10.9443313,-0.6957236,1.1111432,2.5811380,0.5872028,2.5221349,-1.7992407,0.3647,0.4495
10.9943054,-0.7215246,1.0685779,2.6131209,0.6996414,2.4862288,-1.1383751,0.3709,0.4380
11.0442796,-0.7455044,1.0257402,2.6504124,0.8213029,2.4632407,-0.8665660,0.3771,0.4265
11.0942537,-0.7684245,0.9805827,2.6938243,0.8783519,2.4455967,-0.6696005,0.3798,0.4381
11.1442278,-0.7892459,0.9346079,2.7392191,0.9213696,2.4318754,-0.4233370,0.3821,0.4515
11.1942019,-0.8076335,0.8884498,2.7861795,0.9698052,2.4231603,-0.1175126,0.3844,0.4650
11.2441760,-0.8235372,0.8422113,2.8349006,1.0238976,2.4207356,-0.1175126,0.3868,0.4785
11.2941501,-0.8376604,0.7932150,2.8868350,1.0085287,2.4183084,-0.0153702,0.4048,0.4954
11.3441243,-0.8491051,0.7442398,2.9370545,0.9882426,2.4179908,0.1048163,0.4251,0.5127
11.3940984,-0.8579656,0.6956249,2.9854087,0.9687947,2.4201561,0.2081623,0.4454,0.5301
11.4440725,-0.8645009,0.6465356,3.0328685,0.9419163,2.4244507,0.3455792,0.4681,0.5468
11.4940466,-0.8688169,0.5960626,3.0792365,0.8858924,2.4315635,0.6435940,0.5090,0.5587
11.5440207,-0.8708508,0.5462895,3.1216837,0.8158513,2.4447550,-0.3325581,0.5500,0.5705
11.5939948,-0.8708767,0.4971949,-3.1234066,0.7339767,2.4379476,-1.7461332,0.5909,0.5824
11.6439689,-0.8690596,0.4473302,-3.0869026,0.7316602,2.4018879,-1.8755516,0.5937,0.5673
11.6939431,-0.8654403,0.3976883,-3.0508969,0.7107689,2.3625426,-2.1159646,0.5778,0.5391
11.7439172,-0.8600440,0.3479802,-3.0163900,0.6658177,2.3173521,-2.2238307,0.5618,0.5108
11.7938913,-0.8530766,0.2991176,-2.9826826,0.7535961,2.2688880,-1.5438135,0.5372,0.4789
11.8438654,-0.8442846,0.2504932,-2.9414311,0.9124417,2.2346255,-0.9513186,0.5050,0.4437
11.8938395,-0.8330958,0.2014547,-2.8919465,1.0507187,2.2132484,-0.5541769,0.4727,0.4085
11.9438136,-0.8192293,0.1527305,-2.8358520,1.1445081,2.2006998,-0.5445568,0.4649,0.3866
11.9937878,-0.8031703,0.1064334,-2.7794469,1.1592975,2.1882989,-0.4763733,0.4726,0.3731
12.0437619,-0.7841407,0.0603053,-2.7209850,1.1851201,2.1773928,-0.3565874,0.4802,0.3597
12.0937360,-0.7620453,0.0146728,-2.6600486,1.2194018,2.1691932,-0.3168301,0.4842,0.3682
12.1437101,-0.7374673,-0.0290222,-2.5982403,1.2360344,2.1618817,-0.3163863,0.4871,0.3839
12.1936842,-0.7105525,-0.0706434,-2.5368346,1.2436269,2.1545557,-0.2571391,0.4899,0.3997
12.2436583,-0.6808172,-0.1109133,-2.4741075,1.2640637,2.1485832,-0.1287273,0.4936,0.4305
12.2936324,-0.6483176,-0.1495269,-2.4095481,1.2954346,2.1455870,-0.1129179,0.4975,0.4657
12.3436066,-0.6137763,-0.1855384,-2.3444871,1.3020116,2.1429554,-0.1093872,0.5014,0.5009
12.3935807,-0.5770857,-0.2191301,-2.2797927,1.2998268,2.1404029,-0.1307421,0.5057,0.5493
12.4435548,-0.5380754,-0.2504479,-2.2146584,1.3048449,2.1373482,-0.0914262,0.5104,0.6077
12.4935289,-0.4968807,-0.2792986,-2.1487638,1.3160436,2.1352094,-0.0914262,0.5151,0.6660
12.5435030,-0.4543597,-0.3050956,-2.0838239,1.2797919,2.1330686,0.0857277,0.5172,0.7188
12.5934771,-0.4103339,-0.3281113,-2.0216439,1.2235415,2.1350761,0.3310103,0.5003,0.7304
12.6434513,-0.3646844,-0.3485355,-1.9617903,1.1704544,2.1428098,0.5336238,0.4834,0.7420
12.6934254,-0.3175835,-0.3663686,-1.9040835,1.1216730,2.1552189,0.6967164,0.4665,0.7535
12.7433995,-0.2700979,-0.3813649,-1.8501243,1.0276121,2.1713139,1.0606715,0.4528,0.7595
12.7933736,-0.2220539,-0.3938783,-1.8020253,0.9110210,2.1955902,1.5116472,0.4433,0.7578
12.8433477,-0.1731363,-0.4042729,-1.7592391,0.8013332,2.2297315,1.9163097,0.4339,0.7562
12.8933218,-0.1235134,-0.4127474,-1.7215006,0.6992660,2.2722752,2.2859850,0.4244,0.7545
12.9432960,-0.0737975,-0.4194491,-1.6889844,0.5898338,2.3220066,2.7116616,0.4200,0.7493
12.9932701,-0.0242102,-0.4246498,-1.6626113,0.4689133,2.3796513,3.2311082,0.4200,0.7410
13.0432442,0.0256350,-0.4286996,-1.6420915,0.3524109,2.4465658,3.7705461,0.4200,0.7327
13.0932183,0.0756204,-0.4318740,-1.6272870,0.2391844,2.5224083,4.3505880,0.4200,0.7244
13.1431924,0.1256680,-0.4344500,-1.6180089,0.1450777,2.6071780,4.8775413,0.4226,0.7205
13.1931665,0.1757969,-0.4366470,-1.6114129,0.1178193,2.6990514,4.9956139,0.4279,0.7212
13.2431406,0.2258148,-0.4385434,-1.6061987,0.0904897,2.7900146,5.1395121,0.4332,0.7218
13.2931148,0.2756890,-0.4402085,-1.6023686,0.0629529,2.8806018,5.1335989,0.4385,0.7225
13.3430889,0.3253871,-0.4417117,-1.5999297,0.0350607,2.9683262,5.1233096,0.4454,0.7211
13.3930630,0.3756082,-0.4431333,-1.5982916,0.0309639,3.0533631,5.1130409,0.4550,0.7163
13.4430371,0.4256605,-0.4444724,-1.5968246,0.0276139,3.1359314,5.1027928,0.4645,0.7115
13.4930112,0.4755402,-0.4457380,-1.5955326,0.0241537,3.2162215,5.0925652,0.4741,0.7066
13.5429853,0.5252693,-0.4469400,-1.5944192,0.0205958,3.2944004,5.0823581,0.4836,0.7011
13.5929595,0.5752973,-0.4480975,-1.5934612,0.0178834,3.3706152,5.0721715,0.4930,0.6932
13.6429336,0.6253277,-0.4492102,-1.5926290,0.0153699,3.4449965,5.0620053,0.5024,0.6853
13.6929077,0.6752593,-0.4502824,-1.5919250,0.0128117,3.5176611,5.0518595,0.5117,0.6773
13.7428818,0.7251076,-0.4513210,-1.5913508,0.0102158,3.5887134,5.0417340,0.5211,0.6691
13.7928559,0.7750639,-0.4523362,-1.5909021,0.0078221,3.6582477,5.0316288,0.5295,0.6565
13.8428300,0.8250589,-0.4533327,-1.5905682,0.0055309,3.7263493,5.0215439,0.5380,0.6438
13.8928042,0.8750114,-0.4543146,-1.5903494,0.0032242,3.7930955,5.0114791,0.5465,0.6312
13.9427783,0.9249339,-0.4552878,-1.5902462,0.0009074,3.8585569,5.0014346,0.5550,0.6185
13.9927524,0.9748713,-0.4562590,-1.5902577,-0.0013257,3.9227983,4.9914102,0.5538,0.5986
14.0427265,1.0248288,-0.4572339,-1.5903779,-0.0034844,3.9858787,4.9814058,0.5513,0.5776
14.0927006,1.0747875,-0.4582176,-1.5906059,-0.0056404,4.0478527,4.9714216,0.5489,0.5567
14.1426747,1.1247559,-0.4592155,-1.5909415,-0.0077904,4.1087707,4.9614573,0.5465,0.5358
14.1926488,1.1747045,-0.4602325,-1.5913847,-0.0099726,4.1686791,4.9515130,0.5398,0.5186
14.2426230,1.2246293,-0.4612738,-1.5919383,-0.0121982,4.2276211,4.9415886,0.5312,0.5031
14.2925971,1.2745842,-0.4623463,-1.5926031,-0.0144116,4.2856369,4.9316842,0.5226,0.4877
14.3425712,1.3245746,-0.4634555,-1.5933788,-0.0166109,4.3427637,4.9217995,0.5141,0.4723
14.3925453,1.3745483,-0.4646059,-1.5942643,-0.0188630,4.3990364,4.9119347,0.5085,0.4620
14.4425194,1.4244459,-0.4658016,-1.5952653,-0.0212441,4.4544877,4.9020897,0.5064,0.4579
14.4924935,1.4743905,-0.4670515,-1.5963858,-0.0236093,4.5091480,4.8922644,0.5044,0.4538
14.5424677,1.5243846,-0.4683616,-1.5976253,-0.0259575,4.5630460,4.8824588,0.5023,0.4497
14.5924418,1.5743871,-0.4697369,-1.5989823,-0.0283378,4.6162086,4.8726728,0.5006,0.4474
14.6424159,1.6242628,-0.4711794,-1.6004605,-0.0309097,4.6686612,4.8629065,0.5002,0.4520
14.6923900,1.6741921,-0.4727006,-1.6020685,-0.0334660,4.7204275,4.8074553,0.4997,0.4565
14.7423641,1.7241751,-0.4743071,-1.6038057,-0.0360065,4.7710515,4.7239112,0.4993,0.4611
14.7923382,1.7742009,-0.4760052,-1.6056712,-0.0385423,4.8202779,4.6385236,0.4989,0.4656
14.8423123,1.8240585,-0.4777939,-1.6076627,-0.0412913,4.8681302,4.5462086,0.4872,0.4547
14.8922865,1.8739681,-0.4796874,-1.6097935,-0.0440288,4.9145780,4.4522162,0.4749,0.4429
14.9422606,1.9239279,-0.4816929,-1.6120631,-0.0467551,4.9596440,4.3566369,0.4626,0.4312
14.9922347,1.9739366,-0.4838175,-1.6144714,-0.0494709,5.0033495,4.2595622,0.4503,0.4194
15.0422088,2.0238031,-0.4860597,-1.6170119,-0.0523345,5.0457152,4.1570571,0.4377,0.4073
15.0921829,2.0736883,-0.4884333,-1.6196975,-0.0552146,5.0867212,4.0524586,0.4249,0.3951
15.1421570,2.1236143,-0.4909470,-1.6225295,-0.0580913,5.1263797,3.9463728,0.4122,0.3829
15.1921312,2.1735781,-0.4936081,-1.6255080,-0.0609656,5.1647073,3.8388801,0.3995,0.3706
15.2421053,2.2234548,-0.4964170,-1.6286265,-0.0639028,5.2017200,3.7283209,0.3903,0.3638
15.2920794,2.2733095,-0.4993844,-1.6318921,-0.0668721,5.2374163,3.6155845,0.3871,0.3660
15.3420535,2.3231908,-0.5025207,-1.6353087,-0.0698481,5.2718025,3.5014644,0.3838,0.3683
15.3920276,2.3730944,-0.5058333,-1.6388766,-0.0728320,5.3048908,3.3860294,0.3806,0.3706
15.4420017,2.4229564,-0.5093256,-1.6425918,-0.0758239,5.3366932,3.2693830,0.3774,0.3730
15.4919759,2.4727720,-0.5130044,-1.6464543,-0.0788297,5.3672212,3.1514660,0.3748,0.3781
15.5419500,2.5225959,-0.5168812,-1.6504692,-0.0818535,5.3964847,3.0322595,0.3722,0.3831
15.5919241,2.5724229,-0.5209634,-1.6546374,-0.0848970,5.4244922,2.9118213,0.3696,0.3882
15.6418982,2.6222322,-0.5252570,-1.6589580,-0.0879310,5.4512519,2.7911172,0.3670,0.3932
15.6918723,2.6719957,-0.5297671,-1.6634262,-0.0909170,5.4767795,2.6714265,0.3647,0.3998
15.7418464,2.7217460,-0.5345039,-1.6680451,-0.0939330,5.5011016,2.5505291,0.3624,0.4070
15.7918205,2.7714772,-0.5394747,-1.6728158,-0.0969804,5.5242230,2.4284735,0.3601,0.4141
15.8417947,2.8211849,-0.5446866,-1.6777397,-0.1000488,5.5461483,2.3056832,0.3578,0.4213
15.8917688,2.8708778,-0.5501482,-1.6828152,-0.1030118,5.5668851,2.1861805,0.3563,0.4287
15.9417429,2.9205333,-0.5558647,-1.6880390,-0.1060167,5.5864761,2.0655122,0.3558,0.4365
15.9917170,2.9701448,-0.5618426,-1.6934127,-0.1090651,5.6049228,1.9437208,0.3554,0.4443
16.0416911,3.0197057,-0.5680887,-1.6989379,-0.1121586,5.6222265,1.8208530,0.3549,0.4521
16.0916652,3.0692903,-0.5746196,-1.7045791,-0.1131492,5.6383882,1.7652965,0.3546,0.4598
16.1416394,3.1188237,-0.5814291,-1.7102539,-0.1138548,5.6540127,1.7192404,0.3562,0.4667
16.1916135,3.1682872,-0.5885161,-1.7159617,-0.1146074,5.6691882,1.6720414,0.3578,0.4737
16.2415876,3.2176746,-0.5958809,-1.7217042,-0.1154077,5.6839082,1.6236819,0.3593,0.4806
16.2915617,3.2670958,-0.6035414,-1.7274030,-0.1105867,5.6981661,1.7582315,0.3609,0.4875
16.3415358,3.3164884,-0.6114773,-1.7327429,-0.1029027,5.7135653,1.9861176,0.3685,0.4953
16.3915099,3.3657889,-0.6196589,-1.7376938,-0.0952326,5.7309107,2.2136216,0.3773,0.5032
16.4414840,3.4149930,-0.6280651,-1.7422563,-0.0875694,5.7501813,2.4414944,0.3862,0.5112
16.4914582,3.4642247,-0.6366977,-1.7464214,-0.0782073,5.7713610,2.7270707,0.3950,0.5192
16.5414323,3.5134958,-0.6455358,-1.7500539,-0.0669127,5.7949266,3.0795754,0.4079,0.5271
16.5914064,3.5626653,-0.6545255,-1.7531150,-0.0555527,5.8214236,3.4377839,0.4243,0.5348
16.6413805,3.6117347,-0.6636378,-1.7556026,-0.0441211,5.8508609,3.8031393,0.4407,0.5426
16.6913546,3.6607969,-0.6728606,-1.7575302,-0.0341982,5.8832550,4.1222024,0.4572,0.5503
16.7413287,3.7099711,-0.6821922,-1.7590812,-0.0277647,5.9181667,4.3251816,0.4710,0.5565
16.7913029,3.7590647,-0.6915791,-1.7603068,-0.0212620,5.9545773,4.5350763,0.4772,0.5578
16.8412770,3.8080915,-0.7010073,-1.7612048,-0.0147027,5.9925173,4.5798744,0.4834,0.5592
16.8912511,3.8570919,-0.7104677,-1.7617792,-0.0093679,6.0305899,4.5706949,0.4895,0.5605
16.9412252,3.9061839,-0.7199714,-1.7622719,-0.0103376,6.0683480,4.5615338,0.4957,0.5619
16.9911993,3.9552442,-0.7294953,-1.7628126,-0.0113024,6.1057976,4.5523911,0.4985,0.5636
17.0411734,4.0042815,-0.7390435,-1.7634012,-0.0122606,6.1429445,4.5432667,0.5012,0.5653
17.0911476,4.0533050,-0.7486202,-1.7640374,-0.0131635,6.1797944,4.5341606,0.5039,0.5670
17.1411217,4.1023416,-0.7582325,-1.7646891,-0.0129231,6.2163527,4.5250727,0.5066,0.5687
17.1910958,4.1513736,-0.7678767,-1.7653289,-0.0126811,6.2526245,4.5160031,0.5124,0.5709
17.2410699,4.2004028,-0.7775527,-1.7659566,-0.0124376,6.2886151,4.5069516,0.5196,0.5733
17.2910440,4.2494307,-0.7872601,-1.7665721,-0.0121926,6.3243294,4.4979183,0.5267,0.5757
17.3410181,4.2984350,-0.7969939,-1.7671842,-0.0123477,6.3597721,4.4889031,0.5339,0.5781
17.3909922,4.3474387,-0.8067592,-1.7678060,-0.0125390,6.3949479,4.4799059,0.5415,0.5801
17.4409664,4.3964455,-0.8165569,-1.7684374,-0.0127287,6.4298614,-2.9255211,0.5499,0.5814
17.4909405,4.4454566,-0.8263879,-1.7690784,-0.0129167,6.4070833,-6.2838840,0.5582,0.5827
17.5409146,4.4944394,-0.8362462,-1.7697270,-0.0130306,6.3578812,-6.2756939,0.5665,0.5840
17.5908887,4.5434177,-0.8461367,-1.7703805,-0.0131257,6.3083603,-6.2675785,0.5742,0.5850
17.6408628,4.5923995,-0.8560613,-1.7710389,-0.0132221,6.2585123,-6.2595391,0.5794,0.5847
17.6908369,4.6413833,-0.8660201,-1.7717022,-0.0133198,6.2083288,-6.2507956,0.5847,0.5843
17.7408111,4.6903508,-0.8760095,-1.7723707,-0.0134394,6.1578072,-6.2417206,0.5899,0.5840
17.7907852,4.7393081,-0.8860311,-1.7730456,-0.0135721,6.1069420,-6.2327285,0.5951,0.5837
17.8407593,4.7882619,-0.8960866,-1.7737272,-0.0137072,6.0557238,-6.2238214,0.5959,0.5849
17.8907334,4.8372098,-0.9061758,-1.7744157,-0.0138448,6.0041428,-6.2146565,0.5964,0.5864
17.9407075,4.8861555,-0.9162999,-1.7751113,-0.0139946,5.9521918,-6.2052585,0.5968,0.5878
17.9906816,4.9350957,-0.9264585,-1.7758149,-0.0141567,5.8998629,-6.1959452,0.5973,0.5892
18.0406557,4.9840219,-0.9366504,-1.7765265,-0.0143223,5.8471453,-6.1867196,0.5947,0.5878
18.0906299,5.0329312,-0.9468752,-1.7772463,-0.0144915,5.7940277,-6.1766408,0.5906,0.5849
18.1406040,5.0818437,-0.9571377,-1.7779752,-0.0146932,5.7405063,-6.1652300,0.5865,0.5821
18.1905781,5.1307697,-0.9674406,-1.7787161,-0.0149439,5.6865815,-6.1540003,0.5824,0.5792
18.2405522,5.1796692,-0.9777760,-1.7794693,-0.0151988,5.6322400,-6.1429538,0.5823,0.5793
18.2905263,5.2285391,-0.9881440,-1.7802351,-0.0154581,5.5774681,-6.1311283,0.5879,0.5834
18.3405004,5.2774050,-0.9985506,-1.7810141,-0.0157535,5.5222599,-6.1168605,0.5936,0.5875
18.3904746,5.3263165,-1.0090071,-1.7818118,-0.0161430,5.4666247,-6.1029392,0.5992,0.5916
18.4404487,5.3751892,-1.0194967,-1.7826286,-0.0165371,5.4105459,-6.0893651,0.6030,0.5952
18.4904228,5.4240201,-1.0300195,-1.7834646,-0.0169359,5.3540065,-6.0754811,0.5991,0.5967
18.5403969,5.4728284,-1.0405806,-1.7843204,-0.0173633,5.2969946,-6.0581266,0.5952,0.5982
18.5903710,5.5217202,-1.0512042,-1.7852035,-0.0179361,5.2395280,-6.0413495,0.5914,0.5996
18.6403451,5.5705628,-1.0618631,-1.7861146,-0.0185134,5.1815858,-6.0251504,0.5875,0.6011
18.6903193,5.6193545,-1.0725582,-1.7870538,-0.0190952,5.1231463,-6.0093558,0.5834,0.6045
18.7402934,5.6681001,-1.0832918,-1.7880216,-0.0196887,5.0641883,-5.9898059,0.5794,0.6080
18.7902675,5.7169599,-1.0941011,-1.7890261,-0.0204605,5.0047311,-5.9711106,0.5754,0.6114
18.8402416,5.7657649,-1.1049507,-1.7900684,-0.0212350,4.9447478,-5.9532718,0.5713,0.6149
18.8902157,5.8145151,-1.1158424,-1.7911485,-0.0220123,4.8842105,-5.9362917,0.5639,0.6204
18.9401898,5.8632104,-1.1267781,-1.7922666,-0.0227922,4.8230893,-5.9168330,0.5553,0.6265
18.9901639,5.9120087,-1.1377953,-1.7934298,-0.0237219,4.7613877,-5.8983272,0.5468,0.6326
19.0401381,5.9607629,-1.1488634,-1.7946392,-0.0246580,4.6990729,-5.8809726,0.5383,0.6387
19.0901122,6.0094666,-1.1599831,-1.7958944,-0.0255913,4.6361075,-5.8647720,0.5297,0.6459
19.1400863,6.0581225,-1.1711574,-1.7971952,-0.0265215,4.5724522,-5.8487578,0.5209,0.6538
19.1900604,6.1068320,-1.1824120,-1.7985453,-0.0274955,4.5080757,-5.8339650,0.5121,0.6617
19.2400345,6.1555162,-1.1937312,-1.7999439,-0.0284647,4.4429328,-5.8205518,0.5033,0.6697
19.2900086,6.2041662,-1.2051154,-1.8013900,-0.0294203,4.3769736,-5.8085141,0.4943,0.6789
19.3399828,6.2527881,-1.2165685,-1.8028832,-0.0303610,4.3101447,-5.8084414,0.4849,0.6901
19.3899569,6.3013929,-1.2280941,-1.8043326,-0.0267767,4.2422640,-5.8789451,0.4755,0.7013
19.4399310,6.3499877,-1.2396860,-1.8055527,-0.0220671,4.1724350,-5.9649276,0.4662,0.7125
19.4899051,6.3985837,-1.2513348,-1.8065375,-0.0173469,4.1003695,-6.0455257,0.4568,0.7237
19.5398792,6.4471929,-1.2630314,-1.8072868,-0.0126245,4.0260142,-6.1204650,0.4472,0.7352
19.5898533,6.4957308,-1.2747395,-1.8075068,0.0080108,3.9493114,-5.7867174,0.4377,0.7467
19.6398275,6.5442775,-1.2864291,-1.8064510,0.0342546,3.8753952,-5.4164134,0.4282,0.7581
19.6898016,6.5928885,-1.2980462,-1.8040858,0.0603639,3.8049083,-5.0743739,0.4204,0.7694
19.7397757,6.6415843,-1.3095282,-1.8004157,0.0863109,3.7376667,-4.7196404,0.4234,0.7798
19.7897498,6.6902433,-1.3207798,-1.7954151,0.1149059,3.6740214,-4.3703358,0.4264,0.7901
19.8397239,6.7389484,-1.3317480,-1.7889309,0.1448208,3.6140871,-4.0439635,0.4294,0.8005
19.8896980,6.7877859,-1.3423754,-1.7809480,0.1745900,3.5577294,-3.7379921,0.4323,0.8108
19.9396721,6.8367683,-1.3525873,-1.7714707,0.2041986,3.5048299,-3.4463055,0.4329,0.8198
19.9896463,6.8857755,-1.3622834,-1.7605299,0.2339418,3.4553409,-3.1674307,0.4336,0.8287
20.0396204,6.9348464,-1.3713978,-1.7481087,0.2637614,3.4092230,-2.9026603,0.4342,0.8377
20.0895945,6.9840925,-1.3798753,-1.7341875,0.2933638,3.3664055,-2.6507336,0.4349,0.8466
20.1395686,7.0335225,-1.3876398,-1.7187738,0.3226684,3.3268228,-2.4342203,0.4411,0.8537
20.1895427,7.0830285,-1.3945998,-1.7019426,0.3494724,3.2900538,-2.2498838,0.4477,0.8607
20.2395168,7.1325751,-1.4006858,-1.6838901,0.3738520,3.2556999,-2.0653286,0.4543,0.8676
20.2894910,7.1822826,-1.4058513,-1.6645887,0.3986364,3.2238418,-1.8797436,0.4609,0.8745
20.3394651,7.2321273,-1.4100287,-1.6440211,0.4237912,3.1945702,-1.7160679,0.4674,0.8769
20.3894392,7.2820519,-1.4131488,-1.6222037,0.4470053,3.1676112,-1.5981333,0.4738,0.8785
20.4394133,7.3319853,-1.4151514,-1.5993973,0.4658559,3.1422970,-1.4722847,0.4803,0.8801
20.4893874,7.3819605,-1.4159908,-1.5756237,0.4855384,3.1187943,-1.3382279,0.4867,0.8817
20.5393615,7.4319357,-1.4156173,-1.5508492,0.5060028,3.0972770,-1.2082329,0.4976,0.8836
20.5893356,7.4818859,-1.4139800,-1.5250387,0.5259216,3.0777206,-1.1310929,0.5099,0.8855
20.6393098,7.5318347,-1.4110280,-1.4983681,0.5402740,3.0592994,-1.0435106,0.5221,0.8875
20.6892839,7.5816474,-1.4067304,-1.4709756,0.5555997,3.0422058,-0.9453785,0.5343,0.8895
20.7392580,7.6312729,-1.4010570,-1.4428214,0.5718363,3.0266363,-0.8384309,0.5460,0.8904
20.7892321,7.6806671,-1.3939762,-1.4138638,0.5887132,3.0127608,-0.7878493,0.5574,0.8910
20.8392062,7.7300274,-1.3854134,-1.3841092,0.5993111,2.9996639,-0.7246505,0.5688,0.8915
20.8891803,7.7790354,-1.3753885,-1.3538391,0.6110922,2.9875669,-0.6484959,0.5803,0.8921
20.9391545,7.8276313,-1.3638911,-1.3230036,0.6240103,2.9766995,-0.5590028,0.6000,0.8865
20.9891286,7.8757552,-1.3509107,-1.2915549,0.6380067,2.9672999,-0.5015895,0.6235,0.8783
21.0391027,7.9237126,-1.3363212,-1.2593130,0.6481033,2.9588402,-0.4335128,0.6469,0.8701
21.0890768,7.9711009,-1.3202063,-1.2266037,0.6590418,2.9515092,-0.3495781,0.6704,0.8618
21.1390509,8.0178185,-1.3025819,-1.1933949,0.6712888,2.9455843,-0.2489213,0.6246,0.7794
21.1890250,8.0638003,-1.2834532,-1.1596308,0.6847961,2.9413581,-0.2369229,0.5540,0.6704
21.2389992,8.1094141,-1.2626226,-1.1251658,0.6880111,2.9373300,-0.2314662,0.4833,0.5613
21.2889733,8.1542362,-1.2402545,-1.0906453,0.6904412,2.9333893,-0.2102868,0.4127,0.4523
21.3389474,8.1981139,-1.2164308,-1.0560757,0.6945500,2.9298046,-0.1717898,0.4141,0.4140
21.3889215,8.2409851,-1.1911941,-1.0213837,0.7003958,2.9268729,-0.1717898,0.4288,0.3887
21.4388956,8.2833034,-1.1642569,-0.9867723,0.6723293,2.9239383,0.0805319,0.4435,0.3634
21.4888697,8.3246538,-1.1359333,-0.9540027,0.6352420,2.9253144,0.3923328,0.4577,0.3386
21.5388438,8.3649172,-1.1064321,-0.9232122,0.5984976,2.9320090,0.6825160,0.4397,0.3468
21.5888180,8.4041091,-1.0758794,-0.8943694,0.5623750,2.9436191,0.9533190,0.4216,0.3550
21.6387921,8.4427863,-1.0439447,-0.8671736,0.5208206,2.9597594,1.2618477,0.4035,0.3631
21.6887662,8.4805611,-1.0110604,-0.8422008,0.4760616,2.9809890,1.5913749,0.4007,0.3800
21.7387403,8.5173994,-0.9774177,-0.8196015,0.4296342,3.0075489,1.9324175,0.4510,0.4271
21.7887144,8.5533853,-0.9431133,-0.7994216,0.3819328,3.0394888,2.2862528,0.5014,0.4742
21.8386885,8.5888879,-0.9079369,-0.7806748,0.3709936,3.0768489,2.2979574,0.5517,0.5213
21.8886627,8.6237020,-0.8721406,-0.7623880,0.3610361,3.1139486,2.3046983,0.6002,0.5674
21.9386368,8.6578676,-0.8357206,-0.7446552,0.3488023,3.1507184,2.3383591,0.6462,0.6123
21.9886109,8.6914332,-0.7986674,-0.7275637,0.3359412,3.1875918,2.3828302,0.6923,0.6572
22.0385850,8.7241260,-0.7613253,-0.7105445,0.3496133,3.2247327,2.1558715,0.7383,0.7021
22.0885591,8.7563007,-0.7232598,-0.6928110,0.3616832,3.2579712,1.9481036,0.7509,0.7195
22.1385332,8.7879479,-0.6844161,-0.6744222,0.3720299,3.2877174,1.7619370,0.7421,0.7191
22.1885073,8.8189517,-0.6448781,-0.6555088,0.3802986,3.3143911,1.6020572,0.7333,0.7188
22.2384815,8.8487378,-0.6053738,-0.6365531,0.3858876,3.3384594,1.4756600,0.7244,0.7184
22.2884556,8.8779701,-0.5650181,-0.6171931,0.3910474,3.3604763,1.3575192,0.7095,0.7102
22.3384297,8.9066170,-0.5237975,-0.5974432,0.3957435,3.3806039,1.2480714,0.6917,0.6984
22.3884038,8.9345494,-0.4818472,-0.5773916,0.3994082,3.3990035,1.1538644,0.6740,0.6866
22.4383779,8.9611386,-0.4401367,-0.5576425,0.3991664,3.4159262,1.1083108,0.6562,0.6748
22.4883520,8.9870822,-0.3976022,-0.5377522,0.3993376,3.4321022,1.0598566,0.6303,0.6607
22.5383262,9.0123466,-0.3542576,-0.5177048,0.3998846,3.4475000,1.0089281,0.5998,0.6452
22.5883003,9.0368983,-0.3101165,-0.4974853,0.4007718,3.4620943,0.9559477,0.5693,0.6297
22.6382744,9.0601013,-0.2663648,-0.4778109,0.3937559,3.4758657,1.0005029,0.5389,0.6143
22.6882485,9.0825692,-0.2219205,-0.4583632,0.3873914,3.4902207,1.0366525,0.5139,0.6081
22.7382226,9.1042961,-0.1767939,-0.4391041,0.3817886,3.5050324,1.0632687,0.4957,0.6132
22.7881967,9.1252655,-0.1310149,-0.4200054,0.3769139,3.5201596,1.0809698,0.4775,0.6183
22.8381709,9.1451630,-0.0853193,-0.4014418,0.3664304,3.5354724,1.1691203,0.4592,0.6233
22.8881450,9.1642043,-0.0393133,-0.3834972,0.3545083,3.5519595,1.2743727,0.4441,0.6308
22.9381191,9.1825053,0.0072173,-0.3660523,0.3434201,3.5698442,1.3679694,0.4467,0.6518
22.9880932,9.2000700,0.0542349,-0.3490769,0.3331351,3.5889433,1.4507495,0.4492,0.6729
23.0380673,9.2168128,0.1014431,-0.3326632,0.3203548,3.6090877,1.5660076,0.4518,0.6939
23.0880414,9.2327136,0.1486611,-0.3171280,0.3033856,3.6307070,1.7364147,0.4543,0.7150
23.1380155,9.2479376,0.1962387,-0.3023810,0.2871636,3.6545294,1.8969359,0.4521,0.7126
23.1879897,9.2625088,0.2441356,-0.2883955,0.2716502,3.6803777,2.0488208,0.4482,0.7023
23.2379638,9.2764512,0.2923119,-0.2751464,0.2568037,3.7080934,2.1932261,0.4444,0.6919
23.2879379,9.2897144,0.3404424,-0.2627987,0.2379347,3.7375347,2.3961199,0.4405,0.6816
23.3379120,9.3024163,0.3887715,-0.2513701,0.2195611,3.7694367,2.5953992,0.4370,0.6710
23.3878861,9.3145931,0.4372617,-0.2408428,0.2016355,3.8036902,2.7925905,0.4343,0.6597
23.4378602,9.3262812,0.4858754,-0.2312010,0.1841038,3.8402049,2.9892572,0.4317,0.6484
23.4878344,9.3375340,0.5346496,-0.2224609,0.1638894,3.8789102,3.2324053,0.4291,0.6371
23.5378085,9.3483893,0.5835274,-0.2148120,0.1416711,3.9203339,3.5144515,0.4265,0.6258
23.5877826,9.3588840,0.6324164,-0.2082806,0.1195774,3.9648809,3.8049639,0.4249,0.6174
23.6377567,9.3690681,0.6812794,-0.2028623,0.0975220,4.0125528,4.1069661,0.4236,0.6098
23.6877308,9.3790107,0.7301739,-0.1985446,0.0763145,4.0633809,4.4088628,0.4223,0.6022
23.7377049,9.3888340,0.7794511,-0.1951297,0.0595773,4.1172469,2.3367610,0.4210,0.5947
23.7876790,9.3984784,0.8285968,-0.1925683,0.0426647,4.1455129,-5.6107458,0.4200,0.5888
23.8376532,9.4079826,0.8775812,-0.1908660,0.0255083,4.0773145,-5.9091610,0.4200,0.5882
23.8876273,9.4173856,0.9263746,-0.1900308,0.0080357,4.0042331,-6.1339794,0.4200,0.5877
23.9376014,9.4268705,0.9757291,-0.1896471,0.0113653,3.9269330,-6.0005052,0.4200,0.5871
23.9875755,9.4363163,1.0250331,-0.1888605,0.0200194,3.8498133,-5.8737838,0.4200,0.5865
24.0375496,9.4456635,1.0740882,-0.1876398,0.0289207,3.7727958,-5.7535739,0.4250,0.5843
24.0875237,9.4548890,1.1228871,-0.1859771,0.0380949,3.6957988,-5.6466853,0.4314,0.5815
24.1374979,9.4640892,1.1720640,-0.1838414,0.0470353,3.6186396,-5.5519391,0.4379,0.5788
24.1874720,9.4732233,1.2215333,-0.1812565,0.0557850,3.5411363,-5.4630710,0.4443,0.5761
24.2374461,9.4821633,1.2707215,-0.1782432,0.0648214,3.4631809,-5.3801705,0.4465,0.5734
24.2874202,9.4908889,1.3196280,-0.1747925,0.0741593,3.3846541,-5.2811614,0.4422,0.5707
24.3373943,9.4994601,1.3687169,-0.1708383,0.0858328,3.3057587,-5.1518872,0.4378,0.5679
24.3873684,9.5079053,1.4183476,-0.1661250,0.1015000,3.2269364,-5.0335347,0.4334,0.5651
24.4373426,9.5160451,1.4677018,-0.1606478,0.1175775,3.1480193,-4.9264987,0.4288,0.5621
24.4873167,9.5238464,1.5167951,-0.1543959,0.1340419,3.0688159,-4.7332765,0.4220,0.5574
24.5372908,9.5313282,1.5659951,-0.1472253,0.1616731,2.9907438,-4.3328267,0.4152,0.5527
24.5872649,9.5384833,1.6157930,-0.1377343,0.2159267,2.9174458,-3.9587162,0.4084,0.5479
24.6372390,9.5450602,1.6653758,-0.1255494,0.2715725,2.8488284,-3.6084411,0.4015,0.5432
24.6872131,9.5509319,1.7147673,-0.1106331,0.3284362,2.7848099,-3.3022678,0.4059,0.5491
24.7371872,9.5560021,1.7643139,-0.0928576,0.3833790,2.7249055,-3.0571960,0.4104,0.5553
24.7871614,9.5601559,1.8143557,-0.0723549,0.4333948,2.6682483,-2.8276787,0.4150,0.5615
24.8371355,9.5632081,1.8642455,-0.0494288,0.4840516,2.6147519,-2.6143795,0.4195,0.5676
24.8871096,9.5650474,1.9139877,-0.0240684,0.5349278,2.5642981,-2.4533849,0.4341,0.5762
24.9370837,9.5655619,1.9638282,0.0038029,0.5803036,2.5160313,-2.3560643,0.4487,0.5847
24.9870578,9.5646301,2.0138333,0.0337745,0.6179170,2.4687910,-2.2839690,0.4633,0.5933
25.0370319,9.5621591,2.0637070,0.0655290,0.6534696,2.4221169,-2.2409298,0.4801,0.6022
25.0870061,9.5580644,2.1134581,0.0989825,0.6862395,2.3754312,-2.2200623,0.5074,0.6126
25.1369802,9.5522773,2.1629746,0.1339646,0.7173584,2.3282573,-2.2107186,0.5348,0.6230
25.1869543,9.5447213,2.2122641,0.1705235,0.7487860,2.2803124,-2.2100984,0.5622,0.6334
25.2369284,9.5353077,2.2613458,0.2087200,0.7795315,2.2313514,-2.2163047,0.5877,0.6336
25.2869025,9.5239556,2.3101582,0.2485341,0.8089887,2.1811495,-2.1060222,0.6112,0.6236
25.3368766,9.5106653,2.3583374,0.2903821,0.8764525,2.1323508,-1.8834476,0.6347,0.6135
25.3868507,9.4952763,2.4058866,0.3363592,0.9645044,2.0877435,-1.6396111,0.6582,0.6034
25.4368249,9.4776023,2.4526635,0.3869430,1.0595291,2.0481203,-1.3742260,0.6045,0.5341
25.4867990,9.4574834,2.4984197,0.4424046,1.1601241,2.0143101,-1.1286467,0.5445,0.4600
25.5367731,9.4347057,2.5430114,0.5028838,1.2549836,1.9861115,-0.8364909,0.4846,0.3859
25.5867472,9.4091997,2.5860375,0.5681916,1.3573922,1.9649512,-0.4856492,0.4582,0.3475
25.6367213,9.3808901,2.6271543,0.6386702,1.4664431,1.9525607,-0.0763008,0.4812,0.3617
25.6866954,9.3496914,2.6660399,0.7145583,1.5769276,1.9506069,-0.0763008,0.5043,0.3759
25.7366696,9.3156615,2.7023111,0.7920894,1.5336180,1.9486511,0.1003347,0.5273,0.3901
25.7866437,9.2788828,2.7359539,0.8672926,1.4833018,1.9512225,0.2763215,0.5343,0.4219
25.8366178,9.2395683,2.7668967,0.9402946,1.4348624,1.9582868,0.4205615,0.5389,0.4565
25.8865919,9.1979965,2.7950253,1.0111847,1.3854875,1.9689900,0.5508279,0.5434,0.4912
25.9365660,9.1552275,2.8198712,1.0769086,1.2717960,1.9829210,0.9204790,0.5413,0.5172
25.9865401,9.1106733,2.8421204,1.1374713,1.1609902,2.0059851,1.2475086,0.5198,0.5180
26.0365143,9.0645599,2.8618939,1.1930746,1.0565403,2.0368265,1.5335761,0.4983,0.5188
26.0864884,9.0172232,2.8792754,1.2438923,0.9570396,2.0741120,1.7966035,0.4768,0.5196
26.1364625,8.9699265,2.8941263,1.2881616,0.8300250,2.1169572,2.1903664,0.4609,0.5162
26.1864366,8.9217591,2.9070919,1.3265390,0.7099424,2.1680478,2.5687047,0.4496,0.5093
26.2364107,8.8729039,2.9183979,1.3592806,0.5971068,2.2264700,2.9406323,0.4382,0.5024
26.2863848,8.8235456,2.9282694,1.3866379,0.4907390,2.2915234,3.3177879,0.4268,0.4956
26.3363589,8.7742250,2.9368880,1.4078354,0.3566377,2.3627710,3.8970515,0.4193,0.5032
26.3863331,8.7247471,2.9446257,1.4224015,0.2253802,2.4438065,4.5342237,0.4130,0.5153
26.4363072,8.6752722,2.9517920,1.4304102,0.0948894,2.5348329,5.1711488,0.4067,0.5273
26.4862813,8.6259607,2.9586965,1.4318582,-0.0373621,2.6348102,5.1607843,0.4003,0.5394
26.5362554,8.5759264,2.9657968,1.4267302,-0.1653790,2.7309405,4.6170377,0.4019,0.5437
26.5862295,8.5262167,2.9732751,1.4151115,-0.2981481,2.8141608,3.4800023,0.4044,0.5471
26.6362036,8.4770632,2.9814222,1.3968092,-0.4380048,2.8752949,2.2130850,0.4069,0.5505
26.6861778,8.4285711,2.9905467,1.3715892,-0.5858034,2.9135056,0.8571752,0.4094,0.5539
26.7361519,8.3793051,3.0012784,1.3408743,-0.6169629,2.9281715,0.5381015,0.4290,0.5637
26.7861260,8.3306374,3.0134724,1.3096156,-0.6286742,2.9373407,0.4027971,0.4492,0.5737
26.8361001,8.2827706,3.0270765,1.2780886,-0.6379661,2.9441857,0.2961358,0.4694,0.5838
26.8860742,8.2356849,3.0420832,1.2463831,-0.6446664,2.9492079,0.2183808,0.4896,0.5938
