# s_m; t_s; ax_mps2; ay_mps2; atot_mps2
0.0; 0.000; 3.525; -0.135; 3.527
3.0; 0.073; 3.483; -0.143; 3.485
6.0; 0.146; 3.441; -0.152; 3.445
9.0; 0.218; 3.401; -0.162; 3.405
12.0; 0.290; 3.362; -0.173; 3.366
15.0; 0.362; 3.323; -0.185; 3.328
18.0; 0.433; 3.286; -0.197; 3.292
21.0; 0.504; 3.249; -0.211; 3.256
24.0; 0.574; 3.213; -0.225; 3.221
27.0; 0.644; 3.178; -0.241; 3.187
30.0; 0.714; 3.143; -0.258; 3.154
33.0; 0.783; 3.109; -0.277; 3.122
36.0; 0.852; 3.076; -0.297; 3.091
39.0; 0.921; 3.044; -0.318; 3.061
42.0; 0.989; 3.012; -0.341; 3.031
45.0; 1.057; 2.981; -0.366; 3.003
48.0; 1.125; 2.950; -0.393; 2.976
51.0; 1.192; 2.920; -0.422; 2.951
54.0; 1.259; 2.891; -0.454; 2.926
57.0; 1.326; 2.862; -0.488; 2.903
60.0; 1.393; 2.833; -0.524; 2.881
63.0; 1.459; 2.805; -0.564; 2.861
66.0; 1.525; 2.778; -0.606; 2.843
69.0; 1.591; 2.751; -0.652; 2.827
72.0; 1.656; 2.724; -0.702; 2.813
75.0; 1.721; 2.698; -0.756; 2.802
78.0; 1.786; 2.672; -0.814; 2.794
81.0; 1.851; 2.647; -0.876; 2.788
84.0; 1.915; 2.622; -0.944; 2.787
87.0; 1.979; 2.598; -1.017; 2.790
90.0; 2.043; 2.573; -1.097; 2.797
93.0; 2.107; 2.550; -1.182; 2.810
96.0; 2.171; 2.526; -1.275; 2.830
99.0; 2.234; 2.503; -1.375; 2.856
102.0; 2.297; 2.480; -1.484; 2.890
105.0; 2.360; 2.458; -1.601; 2.933
108.0; 2.422; 2.435; -1.727; 2.986
111.0; 2.485; 2.413; -1.864; 3.049
114.0; 2.547; 2.392; -2.011; 3.125
117.0; 2.609; 2.370; -2.170; 3.213
120.0; 2.671; 2.349; -2.342; 3.317
123.0; 2.732; 2.328; -2.528; 3.436
126.0; 2.794; 2.307; -2.728; 3.573
129.0; 2.855; 2.286; -2.944; 3.728
132.0; 2.916; 2.265; -3.177; 3.902
135.0; 2.976; 2.245; -3.426; 4.096
138.0; 3.037; 2.224; -3.690; 4.309
141.0; 3.097; 2.204; -3.966; 4.537
144.0; 3.157; 2.183; -4.248; 4.776
147.0; 3.217; 2.163; -4.528; 5.019
150.0; 3.277; 2.144; -4.798; 5.255
153.0; 3.337; 2.125; -5.045; 5.474
156.0; 3.397; 2.106; -5.261; 5.667
159.0; 3.456; 2.089; -5.436; 5.824
162.0; 3.515; 2.072; -5.565; 5.938
165.0; 3.574; 2.056; -5.644; 6.007
168.0; 3.633; 2.041; -5.676; 6.032
171.0; 3.692; 2.026; -5.664; 6.015
174.0; 3.751; 2.012; -5.614; 5.964
177.0; 3.810; 1.998; -5.536; 5.885
180.0; 3.868; 1.984; -5.437; 5.788
183.0; 3.927; 1.970; -5.328; 5.681
186.0; 3.985; 1.956; -5.217; 5.572
189.0; 4.043; 1.942; -5.112; 5.468
192.0; 4.101; 1.928; -5.018; 5.375
195.0; 4.159; 1.913; -4.941; 5.299
198.0; 4.217; 1.899; -4.887; 5.243
201.0; 4.274; 1.885; -4.859; 5.212
204.0; 4.332; 1.871; -4.860; 5.207
207.0; 4.389; 1.856; -4.892; 5.232
210.0; 4.447; 1.841; -4.957; 5.288
213.0; 4.504; 1.827; -5.054; 5.374
216.0; 4.561; 1.812; -5.180; 5.487
219.0; 4.618; 1.797; -5.327; 5.622
222.0; 4.675; 1.782; -5.486; 5.768
225.0; 4.732; 1.768; -5.644; 5.915
228.0; 4.788; 1.755; -5.787; 6.047
231.0; 4.845; 1.742; -5.896; 6.148
234.0; 4.902; 1.730; -5.955; 6.201
237.0; 4.958; 1.720; -5.947; 6.191
240.0; 5.014; 1.710; -5.857; 6.101
243.0; 5.071; 1.702; -5.669; 5.919
246.0; 5.127; 1.694; -5.373; 5.634
249.0; 5.183; 1.686; -4.960; 5.239
252.0; 5.239; 1.678; -4.430; 4.737
255.0; 5.295; 1.669; -3.794; 4.145
258.0; 5.351; 1.377; -3.086; 3.380
261.0; 5.407; 0.261; -2.373; 2.387
264.0; 5.463; -1.478; -1.715; 2.265
267.0; 5.519; -3.636; -1.156; 3.815
270.0; 5.576; -6.006; -0.713; 6.048
273.0; 5.633; -8.379; -0.388; 8.388
276.0; 5.690; -10.546; -0.171; 10.547
279.0; 5.748; -12.287; -0.047; 12.287
282.0; 5.807; -13.379; 0.005; 13.379
285.0; 5.868; -13.589; 0.000; 13.589
288.0; 5.929; -13.461; 0.000; 13.461
291.0; 5.991; -13.334; 0.000; 13.334
294.0; 6.054; -13.208; 0.000; 13.208
297.0; 6.119; -13.084; 0.000; 13.084
300.0; 6.184; -12.960; 0.000; 12.960
303.0; 6.251; -12.838; 0.000; 12.838
306.0; 6.319; -12.716; 0.000; 12.716
309.0; 6.389; -12.596; 0.000; 12.596
312.0; 6.460; -12.477; 0.000; 12.477
315.0; 6.533; -12.359; 0.000; 12.359
318.0; 6.607; -12.242; 0.000; 12.242
321.0; 6.684; -12.126; 0.000; 12.126
324.0; 6.762; -12.011; 0.000; 12.011
327.0; 6.842; -11.892; 0.011; 11.892
330.0; 6.924; -11.733; 0.102; 11.734
333.0; 7.008; -11.534; 0.273; 11.537
336.0; 7.095; -11.297; 0.513; 11.309
339.0; 7.185; -11.032; 0.800; 11.061
342.0; 7.277; -10.748; 1.115; 10.806
345.0; 7.372; -10.451; 1.444; 10.551
348.0; 7.470; -10.143; 1.782; 10.299
351.0; 7.572; -9.822; 2.132; 10.051
354.0; 7.678; -9.482; 2.501; 9.807
357.0; 7.787; -9.116; 2.896; 9.565
360.0; 7.900; -8.714; 3.330; 9.329
363.0; 8.018; -8.262; 3.813; 9.100
366.0; 8.140; -7.747; 4.358; 8.889
369.0; 8.267; -7.159; 4.966; 8.713
372.0; 8.399; -6.502; 5.623; 8.596
375.0; 8.536; -5.811; 6.283; 8.558
378.0; 8.678; -5.148; 6.881; 8.593
381.0; 8.826; -4.582; 7.360; 8.670
384.0; 8.981; -4.149; 7.705; 8.751
387.0; 9.143; -3.830; 7.940; 8.815
390.0; 9.314; -3.544; 8.130; 8.869
393.0; 9.493; -3.316; 8.269; 8.909
396.0; 9.678; -3.110; 8.381; 8.940
399.0; 9.867; -2.809; 8.524; 8.975
402.0; 10.055; -2.492; 8.644; 8.996
405.0; 10.236; -2.276; 8.676; 8.970
408.0; 10.399; -1.097; 8.707; 8.775
411.0; 10.545; -0.627; 8.661; 8.684
414.0; 10.681; 0.818; 8.617; 8.656
417.0; 10.817; 1.185; 8.605; 8.686
420.0; 10.953; 1.182; 8.619; 8.700
423.0; 11.098; 1.117; 8.663; 8.735
426.0; 11.261; 0.952; 8.748; 8.800
429.0; 11.443; 0.729; 8.818; 8.848
432.0; 11.637; 1.944; 7.780; 8.020
435.0; 11.833; 2.406; 7.116; 7.512
438.0; 12.027; 2.045; 7.507; 7.780
441.0; 12.215; 1.960; 7.619; 7.867
444.0; 12.399; 2.130; 7.441; 7.740
447.0; 12.577; 2.446; 7.063; 7.474
450.0; 12.750; 2.814; 6.578; 7.155
453.0; 12.918; 3.176; 6.059; 6.841
456.0; 13.081; 3.512; 5.540; 6.559
459.0; 13.239; 3.816; 5.036; 6.318
462.0; 13.391; 4.087; 4.555; 6.120
465.0; 13.538; 4.327; 4.104; 5.964
468.0; 13.681; 4.535; 3.689; 5.846
471.0; 13.819; 4.714; 3.312; 5.761
474.0; 13.953; 4.864; 2.980; 5.705
477.0; 14.083; 4.988; 2.696; 5.670
480.0; 14.209; 5.087; 2.460; 5.650
483.0; 14.332; 5.165; 2.268; 5.641
486.0; 14.452; 5.221; 2.127; 5.637
489.0; 14.570; 5.249; 2.055; 5.637
492.0; 14.684; 5.245; 2.067; 5.638
495.0; 14.796; 5.225; 2.122; 5.640
498.0; 14.906; 5.205; 2.175; 5.641
501.0; 15.013; 5.186; 2.228; 5.644
504.0; 15.118; 5.166; 2.280; 5.647
507.0; 15.222; 5.146; 2.332; 5.650
510.0; 15.323; 5.126; 2.384; 5.654
513.0; 15.423; 5.107; 2.435; 5.658
516.0; 15.521; 5.087; 2.486; 5.662
519.0; 15.618; 5.068; 2.536; 5.667
522.0; 15.713; 5.049; 2.586; 5.672
525.0; 15.807; 5.029; 2.635; 5.678
528.0; 15.900; 4.977; 2.770; 5.695
531.0; 15.991; 4.879; 3.010; 5.733
534.0; 16.081; 4.786; 3.225; 5.771
537.0; 16.170; 4.697; 3.430; 5.817
540.0; 16.258; 4.534; 3.806; 5.920
543.0; 16.345; 4.269; 4.380; 6.116
546.0; 16.431; 3.924; 5.070; 6.411
549.0; 16.516; 3.581; 5.700; 6.731
552.0; 16.601; 3.199; 6.102; 6.890
555.0; 16.685; 1.447; 6.258; 6.423
558.0; 16.770; -1.128; 6.176; 6.278
561.0; 16.855; -4.040; 5.822; 7.086
564.0; 16.941; -6.779; 5.219; 8.555
567.0; 17.028; -8.779; 4.395; 9.818
570.0; 17.118; -9.430; 3.412; 10.028
573.0; 17.210; -9.780; 2.723; 10.152
576.0; 17.305; -9.585; 2.804; 9.986
579.0; 17.402; -8.714; 3.792; 9.504
582.0; 17.503; -7.373; 5.262; 9.058
585.0; 17.605; -6.075; 6.568; 8.947
588.0; 17.709; -5.159; 7.425; 9.042
591.0; 17.816; -4.617; 7.901; 9.151
594.0; 17.925; -4.263; 8.178; 9.222
597.0; 18.035; -3.920; 8.376; 9.247
600.0; 18.148; -3.690; 8.468; 9.237
603.0; 18.264; -3.528; 8.535; 9.236
606.0; 18.381; -3.382; 8.640; 9.278
609.0; 18.502; -3.045; 8.810; 9.321
612.0; 18.624; -1.830; 8.995; 9.179
615.0; 18.747; -0.922; 9.094; 9.141
618.0; 18.870; -0.652; 9.119; 9.142
621.0; 18.993; -0.646; 9.107; 9.130
624.0; 19.115; -0.630; 9.076; 9.098
627.0; 19.238; -0.324; 9.031; 9.036
630.0; 19.359; 0.680; 8.991; 9.017
633.0; 19.480; 1.106; 8.975; 9.043
636.0; 19.601; 1.110; 8.980; 9.049
639.0; 19.722; 1.072; 9.004; 9.068
642.0; 19.845; 0.985; 9.046; 9.100
645.0; 19.970; 0.856; 9.099; 9.139
648.0; 20.095; 0.780; 9.107; 9.140
651.0; 20.221; 1.179; 8.815; 8.893
654.0; 20.346; 2.151; 7.912; 8.199
657.0; 20.469; 2.430; 7.514; 7.897
660.0; 20.591; 2.133; 7.785; 8.072
663.0; 20.711; 1.901; 8.002; 8.224
666.0; 20.829; 1.928; 7.944; 8.174
669.0; 20.947; 2.259; 7.529; 7.860
672.0; 21.063; 2.887; 6.663; 7.262
675.0; 21.177; 3.664; 5.417; 6.540
678.0; 21.290; 4.364; 4.097; 5.986
681.0; 21.400; 4.867; 3.004; 5.719
684.0; 21.508; 5.135; 2.358; 5.650
687.0; 21.613; 5.177; 2.257; 5.647
690.0; 21.717; 5.157; 2.272; 5.636
693.0; 21.819; 5.147; 1.421; 5.340
696.0; 21.919; 5.130; -0.101; 5.131
699.0; 22.017; 5.102; -1.607; 5.349
702.0; 22.113; 5.076; -2.511; 5.664
705.0; 22.208; 4.930; -2.865; 5.701
708.0; 22.302; 4.616; -3.617; 5.864
711.0; 22.394; 4.098; -4.718; 6.249
714.0; 22.486; 3.468; -5.887; 6.832
717.0; 22.576; 2.856; -6.884; 7.452
720.0; 22.666; 2.334; -7.640; 7.989
723.0; 22.755; 1.914; -8.192; 8.413
726.0; 22.844; 1.585; -8.588; 8.733
729.0; 22.933; 1.336; -8.860; 8.960
732.0; 23.021; 1.159; -9.035; 9.109
735.0; 23.108; 1.047; -9.138; 9.198
738.0; 23.195; 0.990; -9.189; 9.242
741.0; 23.282; 0.979; -9.202; 9.254
744.0; 23.367; 1.006; -9.187; 9.241
747.0; 23.453; 1.061; -9.148; 9.210
750.0; 23.538; 1.135; -9.094; 9.164
753.0; 23.623; 1.214; -9.031; 9.112
756.0; 23.708; 1.287; -8.968; 9.060
759.0; 23.794; 1.347; -8.911; 9.012
762.0; 23.880; 1.398; -8.855; 8.964
765.0; 23.967; 1.453; -8.788; 8.908
768.0; 24.053; 1.532; -8.692; 8.826
771.0; 24.140; 1.656; -8.541; 8.700
774.0; 24.227; 1.847; -8.303; 8.506
777.0; 24.313; 2.125; -7.942; 8.222
780.0; 24.399; 2.498; -7.424; 7.833
783.0; 24.485; 2.950; -6.742; 7.360
786.0; 24.570; 3.429; -5.955; 6.872
789.0; 24.654; 3.847; -5.208; 6.475
792.0; 24.737; 4.121; -4.690; 6.243
795.0; 24.819; 4.208; -4.524; 6.179
798.0; 24.900; 4.145; -4.655; 6.233
801.0; 24.981; 4.086; -4.752; 6.267
804.0; 25.060; 4.033; -4.679; 6.178
807.0; 25.139; 3.989; -4.193; 5.787
810.0; 25.218; 3.944; -3.341; 5.169
813.0; 25.296; 3.897; -2.299; 4.524
816.0; 25.373; 3.847; -1.291; 4.057
819.0; 25.450; 3.796; -0.457; 3.824
822.0; 25.526; 3.746; 0.154; 3.749
825.0; 25.601; 3.698; 0.562; 3.740
828.0; 25.677; 3.651; 0.808; 3.739
831.0; 25.751; 3.605; 0.935; 3.724
834.0; 25.825; 3.561; 0.979; 3.693
837.0; 25.899; 3.518; 0.967; 3.648
840.0; 25.972; 3.476; 0.915; 3.594
843.0; 26.045; 3.435; 0.838; 3.535
846.0; 26.117; 3.395; 0.740; 3.475
849.0; 26.189; 3.356; 0.628; 3.414
852.0; 26.261; 3.318; 0.502; 3.355
855.0; 26.332; 3.280; 0.363; 3.300
858.0; 26.403; 3.244; 0.213; 3.251
861.0; 26.473; 3.208; 0.051; 3.208
864.0; 26.543; 3.173; -0.120; 3.175
867.0; 26.613; 3.138; -0.295; 3.152
870.0; 26.682; 3.104; -0.468; 3.139
873.0; 26.751; 3.071; -0.629; 3.135
876.0; 26.820; 3.039; -0.766; 3.134
879.0; 26.888; 3.007; -0.864; 3.128
882.0; 26.956; 2.200; -0.916; 2.383
885.0; 27.024; 0.348; -0.923; 0.986
888.0; 27.092; -2.189; -0.883; 2.360
891.0; 27.160; -5.050; -0.793; 5.111
894.0; 27.229; -7.870; -0.655; 7.898
897.0; 27.299; -10.279; -0.481; 10.290
900.0; 27.371; -11.888; -0.290; 11.891
903.0; 27.444; -12.289; -0.096; 12.289
906.0; 27.518; -12.220; -0.000; 12.220
909.0; 27.594; -12.105; -0.000; 12.105
912.0; 27.672; -11.991; -0.000; 11.991
915.0; 27.753; -11.877; -0.000; 11.877
918.0; 27.835; -11.765; -0.000; 11.765
921.0; 27.919; -11.654; -0.000; 11.654
924.0; 28.006; -11.544; -0.000; 11.544
927.0; 28.096; -11.435; -0.000; 11.435
930.0; 28.188; -11.327; -0.000; 11.327
933.0; 28.284; -11.220; -0.000; 11.220
936.0; 28.382; -11.114; -0.000; 11.114
939.0; 28.485; -11.009; -0.000; 11.009
942.0; 28.592; -10.906; -0.000; 10.906
945.0; 28.704; -10.803; -0.000; 10.803
948.0; 28.821; -10.669; -0.062; 10.670
951.0; 28.944; -10.419; -0.353; 10.425
954.0; 29.075; -10.038; -0.868; 10.075
957.0; 29.213; -9.526; -1.571; 9.654
960.0; 29.362; -8.881; -2.427; 9.206
963.0; 29.520; -8.102; -3.404; 8.788
966.0; 29.692; -7.210; -4.457; 8.476
969.0; 29.881; -6.260; -5.509; 8.339
972.0; 30.088; -5.322; -6.482; 8.387
975.0; 30.316; -4.324; -7.404; 8.574
978.0; 30.563; -3.677; -7.934; 8.744
981.0; 30.828; -3.196; -8.228; 8.827
984.0; 31.111; -3.051; -8.277; 8.821
987.0; 31.415; -3.390; -8.052; 8.737
990.0; 31.720; -1.124; -7.961; 8.040
993.0; 32.012; -1.196; -8.023; 8.111
996.0; 32.305; 1.140; -7.785; 7.868
999.0; 32.600; 1.068; -7.909; 7.981
1002.0; 32.892; 1.112; -7.956; 8.034
1005.0; 33.181; 1.311; -7.867; 7.975
1008.0; 33.459; 1.769; -7.487; 7.693
1011.0; 33.721; 2.462; -6.754; 7.188
1014.0; 33.962; 3.233; -5.767; 6.611
1017.0; 34.183; 3.957; -4.655; 6.110
1020.0; 34.386; 4.567; -3.542; 5.779
1023.0; 34.574; 5.033; -2.541; 5.638
1026.0; 34.752; 5.345; -1.773; 5.631
1029.0; 34.920; 5.483; -1.400; 5.659
1032.0; 35.080; 5.462; -1.460; 5.654
1035.0; 35.233; 5.442; -1.520; 5.650
1038.0; 35.379; 5.421; -1.579; 5.646
1041.0; 35.521; 5.401; -1.637; 5.643
1044.0; 35.657; 5.380; -1.695; 5.641
1047.0; 35.789; 5.360; -1.737; 5.635
1050.0; 35.916; 5.343; -1.486; 5.546
1053.0; 36.040; 5.327; -1.089; 5.437
1056.0; 36.161; 5.309; -0.702; 5.355
1059.0; 36.279; 5.290; -0.393; 5.304
1062.0; 36.394; 5.270; -0.163; 5.273
1065.0; 36.506; 5.250; 0.001; 5.250
1068.0; 36.616; 5.231; 0.114; 5.232
1071.0; 36.724; 5.211; 0.189; 5.214
1074.0; 36.830; 5.191; 0.236; 5.197
1077.0; 36.933; 5.172; 0.262; 5.179
1080.0; 37.035; 5.153; 0.275; 5.160
1083.0; 37.135; 5.133; 0.278; 5.141
1086.0; 37.234; 5.114; 0.276; 5.121
1089.0; 37.331; 5.095; 0.271; 5.102
1092.0; 37.426; 5.076; 0.265; 5.083
1095.0; 37.520; 5.057; 0.260; 5.064
1098.0; 37.612; 5.038; 0.258; 5.044
1101.0; 37.703; 4.969; 0.259; 4.976
1104.0; 37.793; 4.875; 0.266; 4.882
1107.0; 37.882; 4.786; 0.280; 4.794
1110.0; 37.970; 4.700; 0.302; 4.710
1113.0; 38.057; 4.619; 0.335; 4.631
1116.0; 38.142; 4.541; 0.381; 4.557
1119.0; 38.227; 4.466; 0.445; 4.488
1122.0; 38.311; 4.394; 0.531; 4.426
1125.0; 38.394; 4.325; 0.642; 4.372
1128.0; 38.476; 4.258; 0.787; 4.330
1131.0; 38.558; 4.193; 0.969; 4.304
1134.0; 38.639; 4.130; 1.197; 4.300
1137.0; 38.719; 4.069; 1.475; 4.329
1140.0; 38.798; 4.010; 1.810; 4.399
1143.0; 38.877; 3.951; 2.203; 4.524
1146.0; 38.955; 3.894; 2.652; 4.711
1149.0; 39.033; 3.837; 3.150; 4.964
1152.0; 39.110; 3.780; 3.681; 5.277
1155.0; 39.187; 3.725; 4.224; 5.632
1158.0; 39.263; 3.671; 4.749; 6.002
1161.0; 39.339; 3.619; 5.219; 6.351
1164.0; 39.414; 3.570; 5.595; 6.637
1167.0; 39.489; 3.525; 5.837; 6.819
1170.0; 39.563; 2.954; 5.945; 6.638
1173.0; 39.637; 1.235; 5.951; 6.077
1176.0; 39.711; -1.190; 5.856; 5.975
1179.0; 39.785; -3.914; 5.608; 6.839
1182.0; 39.860; -6.545; 5.180; 8.347
1185.0; 39.936; -8.686; 4.530; 9.796
1188.0; 40.014; -9.909; 3.591; 10.539
1191.0; 40.092; -10.591; 2.436; 10.867
1194.0; 40.173; -11.153; 1.312; 11.230
1197.0; 40.256; -11.494; 0.481; 11.504
1200.0; 40.340; -11.598; 0.062; 11.598
1203.0; 40.428; -11.519; 0.000; 11.519
1206.0; 40.517; -11.411; 0.000; 11.411
1209.0; 40.610; -11.302; 0.003; 11.302
1212.0; 40.706; -11.140; 0.113; 11.140
1215.0; 40.806; -10.915; 0.343; 10.921
1218.0; 40.909; -10.626; 0.689; 10.648
1221.0; 41.017; -10.275; 1.128; 10.337
1224.0; 41.129; -9.871; 1.636; 10.006
1227.0; 41.246; -9.419; 2.196; 9.671
1230.0; 41.368; -8.915; 2.803; 9.345
1233.0; 41.497; -8.350; 3.462; 9.039
1236.0; 41.631; -7.715; 4.177; 8.773
1239.0; 41.773; -7.009; 4.937; 8.573
1242.0; 41.923; -6.251; 5.712; 8.468
1245.0; 42.081; -5.484; 6.452; 8.467
1248.0; 42.247; -4.769; 7.094; 8.548
1251.0; 42.420; -4.161; 7.598; 8.663
1254.0; 42.600; -3.678; 7.963; 8.771
1257.0; 42.786; -3.292; 8.223; 8.857
1260.0; 42.977; -2.956; 8.417; 8.921
1263.0; 43.172; -2.652; 8.560; 8.961
1266.0; 43.369; -2.421; 8.634; 8.967
1269.0; 43.568; -2.292; 8.624; 8.923
1272.0; 43.765; -0.803; 8.688; 8.725
1275.0; 43.961; -0.561; 8.644; 8.663
1278.0; 44.157; 0.864; 8.683; 8.726
1281.0; 44.357; 0.636; 8.780; 8.803
1284.0; 44.557; 1.526; 8.084; 8.227
1287.0; 44.755; 2.070; 7.438; 7.720
1290.0; 44.949; 1.671; 7.816; 7.992
1293.0; 45.141; 1.503; 7.998; 8.138
1296.0; 45.331; 1.581; 7.946; 8.102
1299.0; 45.519; 1.834; 7.702; 7.917
1302.0; 45.705; 2.201; 7.296; 7.621
1305.0; 45.886; 2.615; 6.785; 7.272
1308.0; 46.063; 3.027; 6.224; 6.922
1311.0; 46.235; 3.417; 5.646; 6.600
1314.0; 46.401; 3.775; 5.069; 6.321
1317.0; 46.562; 4.096; 4.509; 6.092
1320.0; 46.716; 4.379; 3.979; 5.917
1323.0; 46.866; 4.623; 3.487; 5.791
1326.0; 47.010; 4.832; 3.038; 5.708
1329.0; 47.149; 5.009; 2.633; 5.659
1332.0; 47.284; 5.155; 2.281; 5.637
1335.0; 47.414; 5.265; 2.002; 5.633
1338.0; 47.541; 5.327; 1.842; 5.636
1341.0; 47.664; 5.323; 1.854; 5.637
1344.0; 47.785; 5.303; 1.909; 5.636
1347.0; 47.902; 5.284; 1.963; 5.636
1350.0; 48.017; 5.264; 2.017; 5.637
1353.0; 48.129; 5.244; 2.070; 5.638
1356.0; 48.239; 5.224; 2.123; 5.639
1359.0; 48.347; 5.205; 2.176; 5.641
1362.0; 48.453; 5.185; 2.229; 5.644
1365.0; 48.558; 5.166; 2.281; 5.647
1368.0; 48.660; 5.146; 2.332; 5.650
1371.0; 48.761; 5.126; 2.384; 5.654
1374.0; 48.861; 5.107; 2.435; 5.658
1377.0; 48.958; 5.088; 2.485; 5.662
1380.0; 49.055; 5.068; 2.535; 5.667
1383.0; 49.150; 5.049; 2.585; 5.672
1386.0; 49.243; 5.030; 2.634; 5.678
1389.0; 49.335; 4.980; 2.761; 5.694
1392.0; 49.426; 4.882; 3.003; 5.731
1395.0; 49.516; 4.790; 3.217; 5.770
1398.0; 49.604; 4.702; 3.420; 5.814
1401.0; 49.692; 4.618; 3.611; 5.862
1404.0; 49.778; 4.538; 3.791; 5.913
1407.0; 49.864; 4.461; 3.960; 5.965
1410.0; 49.948; 4.387; 4.119; 6.018
1413.0; 50.032; 4.317; 4.270; 6.072
1416.0; 50.115; 4.249; 4.414; 6.127
1419.0; 50.197; 4.184; 4.550; 6.181
1422.0; 50.278; 4.121; 4.680; 6.236
1425.0; 50.359; 4.060; 4.804; 6.290
1428.0; 50.439; 4.002; 4.923; 6.344
1431.0; 50.518; 3.945; 5.037; 6.398
1434.0; 50.597; 3.891; 5.115; 6.427
1437.0; 50.675; 3.841; 5.129; 6.408
1440.0; 50.752; 3.792; 5.078; 6.338
1443.0; 50.829; 3.746; 4.967; 6.222
1446.0; 50.906; 3.701; 4.812; 6.071
1449.0; 50.981; 3.658; 4.627; 5.898
1452.0; 51.057; 3.615; 4.426; 5.715
1455.0; 51.131; 3.573; 4.219; 5.529
1458.0; 51.206; 3.532; 4.013; 5.346
1461.0; 51.279; 3.492; 3.813; 5.170
1464.0; 51.353; 3.452; 3.619; 5.001
1467.0; 51.426; 3.413; 3.433; 4.841
1470.0; 51.498; 3.375; 3.255; 4.689
1473.0; 51.571; 3.338; 3.086; 4.546
1476.0; 51.642; 3.301; 2.925; 4.410
1479.0; 51.714; 3.265; 2.772; 4.283
1482.0; 51.785; 3.230; 2.627; 4.163
1485.0; 51.855; 3.195; 2.489; 4.050
1488.0; 51.925; 3.161; 2.360; 3.944
1491.0; 51.995; 3.127; 2.238; 3.845
1494.0; 52.065; 3.094; 2.123; 3.752
1497.0; 52.134; 3.062; 2.015; 3.665
1500.0; 52.202; 3.030; 1.914; 3.584
1503.0; 52.271; 2.999; 1.820; 3.508
1506.0; 52.339; 2.968; 1.732; 3.437
1509.0; 52.407; 2.938; 1.650; 3.370
1512.0; 52.474; 2.909; 1.574; 3.307
1515.0; 52.541; 2.880; 1.504; 3.249
1518.0; 52.608; 2.851; 1.440; 3.194
1521.0; 52.674; 2.823; 1.380; 3.142
1524.0; 52.740; 2.795; 1.327; 3.094
1527.0; 52.806; 2.768; 1.278; 3.049
1530.0; 52.872; 2.742; 1.234; 3.007
1533.0; 52.937; 2.716; 1.195; 2.967
1536.0; 53.002; 2.690; 1.161; 2.930
1539.0; 53.067; 2.664; 1.132; 2.895
1542.0; 53.131; 2.639; 1.108; 2.863
1545.0; 53.195; 2.615; 1.089; 2.832
1548.0; 53.259; 2.591; 1.075; 2.805
1551.0; 53.323; 2.567; 1.066; 2.779
1554.0; 53.387; 2.543; 1.062; 2.756
1557.0; 53.450; 2.520; 1.063; 2.735
1560.0; 53.513; 2.497; 1.071; 2.717
1563.0; 53.576; 2.475; 1.084; 2.702
1566.0; 53.638; 2.453; 1.104; 2.690
1569.0; 53.701; 2.431; 1.130; 2.681
1572.0; 53.763; 2.409; 1.164; 2.676
1575.0; 53.825; 2.388; 1.206; 2.675
1578.0; 53.887; 2.367; 1.256; 2.680
1581.0; 53.948; 2.347; 1.316; 2.690
1584.0; 54.010; 2.326; 1.386; 2.708
1587.0; 54.071; 2.306; 1.467; 2.733
1590.0; 54.132; 2.286; 1.561; 2.768
1593.0; 54.193; 2.266; 1.669; 2.814
1596.0; 54.254; 2.247; 1.791; 2.873
1599.0; 54.314; 2.227; 1.931; 2.948
1602.0; 54.374; 2.208; 2.090; 3.040
1605.0; 54.435; 2.189; 2.270; 3.153
1608.0; 54.495; 2.170; 2.473; 3.290
1611.0; 54.555; 2.150; 2.702; 3.454
1614.0; 54.615; 2.131; 2.960; 3.648
1617.0; 54.675; 2.112; 3.250; 3.876
1620.0; 54.734; 2.093; 3.575; 4.143
1623.0; 54.794; 2.073; 3.937; 4.449
1626.0; 54.853; 2.053; 4.336; 4.798
1629.0; 54.913; 2.032; 4.771; 5.186
1632.0; 54.972; 2.011; 5.234; 5.607
1635.0; 55.031; 1.990; 5.713; 6.050
1638.0; 55.090; 1.969; 6.192; 6.497
1641.0; 55.149; 1.948; 6.650; 6.929
1644.0; 55.208; 1.927; 7.067; 7.326
1647.0; 55.266; 1.909; 7.429; 7.670
1650.0; 55.325; 1.892; 7.725; 7.954
1653.0; 55.384; 1.876; 7.956; 8.174
1656.0; 55.442; 1.861; 8.128; 8.338
1659.0; 55.500; 1.847; 8.254; 8.458
1662.0; 55.558; 1.832; 8.355; 8.553
1665.0; 55.616; 1.816; 8.453; 8.646
1668.0; 55.674; 1.798; 8.569; 8.756
1671.0; 55.732; 1.777; 8.716; 8.896
1674.0; 55.790; 1.757; 8.889; 9.061
1677.0; 55.848; 1.618; 9.078; 9.221
1680.0; 55.905; 1.473; 9.259; 9.375
1683.0; 55.963; 1.341; 9.408; 9.504
1686.0; 56.020; 1.241; 9.509; 9.589
1689.0; 56.078; 0.795; 9.560; 9.593
1692.0; 56.135; 0.068; 9.564; 9.564
1695.0; 56.193; -0.877; 9.521; 9.561
1698.0; 56.250; -1.988; 9.429; 9.637
1701.0; 56.308; -3.206; 9.289; 9.827
1704.0; 56.366; -4.444; 9.114; 10.140
1707.0; 56.424; -5.588; 8.917; 10.523
1710.0; 56.483; -6.495; 8.711; 10.866
1713.0; 56.543; -6.996; 8.503; 11.011
1716.0; 56.603; -7.146; 8.275; 10.933
1719.0; 56.663; -7.389; 8.006; 10.894
1722.0; 56.724; -7.706; 7.685; 10.883
1725.0; 56.786; -8.063; 7.319; 10.889
1728.0; 56.848; -8.432; 6.911; 10.902
1731.0; 56.911; -8.833; 6.410; 10.914
1734.0; 56.975; -9.263; 5.832; 10.946
1737.0; 57.039; -9.659; 5.240; 10.988
1740.0; 57.105; -10.018; 4.653; 11.046
1743.0; 57.171; -10.320; 4.111; 11.109
1746.0; 57.239; -10.548; 3.651; 11.162
1749.0; 57.307; -10.696; 3.290; 11.190
1752.0; 57.377; -10.771; 3.029; 11.188
1755.0; 57.447; -10.786; 2.852; 11.156
1758.0; 57.519; -10.756; 2.742; 11.100
1761.0; 57.592; -10.696; 2.678; 11.026
1764.0; 57.667; -10.615; 2.647; 10.940
1767.0; 57.743; -10.519; 2.639; 10.845
1770.0; 57.820; -10.413; 2.648; 10.745
1773.0; 57.899; -10.298; 2.672; 10.639
1776.0; 57.980; -10.174; 2.711; 10.529
1779.0; 58.062; -10.039; 2.767; 10.413
1782.0; 58.146; -9.892; 2.841; 10.292
1785.0; 58.233; -9.734; 2.932; 10.166
1788.0; 58.322; -9.564; 3.043; 10.036
1791.0; 58.414; -9.379; 3.172; 9.901
1794.0; 58.509; -9.181; 3.320; 9.763
1797.0; 58.606; -8.966; 3.490; 9.621
1800.0; 58.708; -8.731; 3.685; 9.477
1803.0; 58.812; -8.473; 3.909; 9.331
1806.0; 58.919; -8.184; 4.170; 9.185
1809.0; 59.029; -7.856; 4.475; 9.041
1812.0; 59.142; -7.479; 4.832; 8.904
1815.0; 59.258; -7.047; 5.244; 8.784
1818.0; 59.376; -6.558; 5.706; 8.693
1821.0; 59.497; -6.033; 6.192; 8.645
1824.0; 59.621; -5.507; 6.662; 8.643
1827.0; 59.747; -5.028; 7.072; 8.677
1830.0; 59.875; -4.635; 7.394; 8.727
1833.0; 60.006; -4.335; 7.627; 8.773
1836.0; 60.140; -4.095; 7.801; 8.811
1839.0; 60.275; -3.848; 7.966; 8.847
1842.0; 60.413; -3.629; 8.106; 8.881
1845.0; 60.553; -3.451; 8.211; 8.907
1848.0; 60.695; -3.301; 8.297; 8.929
1851.0; 60.840; -3.185; 8.357; 8.943
1854.0; 60.987; -3.092; 8.403; 8.954
1857.0; 61.139; -2.885; 8.496; 8.973
1860.0; 61.297; -2.599; 8.611; 8.995
1863.0; 61.461; -1.901; 8.715; 8.920
1866.0; 61.632; -1.245; 8.770; 8.858
1869.0; 61.808; -0.863; 8.784; 8.826
1872.0; 61.988; -0.662; 8.782; 8.807
1875.0; 62.172; -0.661; 8.769; 8.794
1878.0; 62.359; -0.660; 8.756; 8.781
1881.0; 62.549; -0.662; 8.743; 8.768
1884.0; 62.742; -0.665; 8.730; 8.755
1887.0; 62.939; -0.671; 8.715; 8.741
1890.0; 63.138; -0.166; 8.736; 8.738
1893.0; 63.338; 0.608; 8.783; 8.804
1896.0; 63.537; 1.692; 7.944; 8.122
1899.0; 63.732; 1.856; 7.691; 7.912
1902.0; 63.924; 1.381; 8.115; 8.232
1905.0; 64.115; 0.536; 8.411; 8.428
1908.0; 64.306; -0.084; 8.566; 8.567
1911.0; 64.498; -0.508; 8.648; 8.662
1914.0; 64.692; -0.839; 8.695; 8.736
1917.0; 64.887; -0.832; 8.705; 8.745
1920.0; 65.084; -0.829; 8.688; 8.728
1923.0; 65.281; -0.363; 8.598; 8.606
1926.0; 65.475; 0.904; 8.291; 8.340
1929.0; 65.664; 1.399; 8.111; 8.231
1932.0; 65.850; 1.298; 8.195; 8.297
1935.0; 66.034; 1.200; 8.286; 8.373
1938.0; 66.217; 1.184; 8.319; 8.403
1941.0; 66.399; 1.229; 8.305; 8.395
1944.0; 66.580; 1.321; 8.246; 8.351
1947.0; 66.759; 1.499; 8.094; 8.232
1950.0; 66.937; 1.871; 7.713; 7.936
1953.0; 67.114; 2.566; 6.873; 7.336
1956.0; 67.286; 3.567; 5.405; 6.476
1959.0; 67.453; 4.718; 3.267; 5.739
1962.0; 67.617; 1.052; 0.298; 1.093
1965.0; 67.784; -4.370; -3.156; 5.391
1968.0; 67.960; -6.094; -5.684; 8.334
1971.0; 68.147; -4.586; -7.163; 8.505
1974.0; 68.344; -3.549; -7.991; 8.744
1977.0; 68.549; -2.948; -8.381; 8.884
1980.0; 68.764; -2.664; -8.530; 8.936
1983.0; 68.989; -2.548; -8.567; 8.937
1986.0; 69.226; -2.514; -8.548; 8.910
1989.0; 69.478; -2.530; -8.488; 8.857
1992.0; 69.747; -2.607; -8.351; 8.748
1995.0; 70.030; -0.852; -8.441; 8.484
1998.0; 70.316; 0.738; -8.589; 8.620
2001.0; 70.591; 1.535; -7.841; 7.990
2004.0; 70.852; 1.837; -7.394; 7.619
2007.0; 71.102; 1.452; -7.798; 7.932
2010.0; 71.347; 1.448; -7.851; 7.984
2013.0; 71.589; 1.728; -7.618; 7.812
2016.0; 71.823; 2.246; -7.079; 7.427
2019.0; 72.046; 2.897; -6.277; 6.914
2022.0; 72.254; 3.571; -5.310; 6.399
2025.0; 72.451; 4.195; -4.265; 5.982
2028.0; 72.637; 4.725; -3.231; 5.724
2031.0; 72.812; 5.131; -2.316; 5.630
2034.0; 72.978; 5.387; -1.666; 5.638
2037.0; 73.136; 5.459; -1.471; 5.653
2040.0; 73.286; 5.438; -1.530; 5.649
2043.0; 73.431; 5.418; -1.589; 5.646
2046.0; 73.570; 5.397; -1.647; 5.643
2049.0; 73.705; 5.377; -1.704; 5.640
2052.0; 73.836; 5.357; -1.761; 5.639
2055.0; 73.963; 5.336; -1.817; 5.637
2058.0; 74.087; 5.316; -1.873; 5.637
2061.0; 74.208; 5.296; -1.928; 5.636
2064.0; 74.325; 5.278; -1.818; 5.582
2067.0; 74.440; 5.262; -1.447; 5.458
2070.0; 74.553; 5.246; -0.827; 5.311
2073.0; 74.663; 5.227; -0.012; 5.227
2076.0; 74.771; 5.205; 0.911; 5.284
2079.0; 74.877; 5.178; 1.823; 5.490
2082.0; 74.981; 3.748; 2.642; 4.586
2085.0; 75.084; 0.316; 3.319; 3.334
2088.0; 75.187; -3.797; 3.674; 5.284
2091.0; 75.293; -7.353; 3.567; 8.173
2094.0; 75.402; -9.151; 2.877; 9.592
2097.0; 75.516; -9.799; 1.756; 9.955
2100.0; 75.634; -10.310; 0.699; 10.333
2103.0; 75.759; -10.526; 0.091; 10.527
2106.0; 75.892; -10.472; 0.000; 10.472
2109.0; 76.033; -10.373; 0.000; 10.373
2112.0; 76.186; -9.952; 0.618; 9.971
2115.0; 76.353; -9.046; 1.976; 9.259
2118.0; 76.536; -7.648; 3.843; 8.559
2121.0; 76.737; -6.055; 5.702; 8.317
2124.0; 76.957; -4.656; 7.114; 8.503
2127.0; 77.194; -3.634; 7.941; 8.733
2130.0; 77.449; -3.057; 8.286; 8.832
2133.0; 77.723; -2.941; 8.324; 8.828
2136.0; 78.006; -1.019; 8.256; 8.318
2139.0; 78.286; -1.066; 8.201; 8.270
2142.0; 78.558; 1.254; 7.875; 7.975
2145.0; 78.823; 1.356; 7.834; 7.951
2148.0; 79.077; 1.922; 7.326; 7.574
2151.0; 79.319; 3.047; 5.995; 6.724
2154.0; 79.544; 4.323; 4.002; 5.891
2157.0; 79.753; 5.348; 1.770; 5.633
2160.0; 79.945; 5.539; 0.041; 5.540
2163.0; 80.121; 5.403; -1.611; 5.639
2166.0; 80.286; 4.463; -3.786; 5.852
2169.0; 80.442; 3.358; -5.772; 6.677
2172.0; 80.593; 2.481; -7.066; 7.489
2175.0; 80.740; 1.979; -7.701; 7.952
2178.0; 80.884; 1.794; -7.920; 8.121
2181.0; 81.025; 1.844; -7.876; 8.089
2184.0; 81.165; 2.065; -7.632; 7.906
2187.0; 81.304; 2.404; -7.218; 7.608
2190.0; 81.444; 2.796; -6.690; 7.251
2193.0; 81.584; 3.191; -6.105; 6.889
2196.0; 81.722; 3.573; -5.492; 6.552
2199.0; 81.859; 3.937; -4.861; 6.255
2202.0; 81.994; 4.277; -4.222; 6.010
2205.0; 82.125; 4.588; -3.591; 5.826
2208.0; 82.253; 4.862; -2.991; 5.708
2211.0; 82.378; 5.085; -2.465; 5.651
2214.0; 82.499; 5.233; -2.093; 5.636
2217.0; 82.618; 5.279; -1.976; 5.637
2220.0; 82.733; 5.259; -2.031; 5.638
2223.0; 82.846; 5.239; -2.084; 5.638
2226.0; 82.956; 5.219; -2.137; 5.640
2229.0; 83.064; 5.200; -2.190; 5.642
2232.0; 83.170; 5.180; -2.242; 5.644
2235.0; 83.273; 5.160; -2.294; 5.647
2238.0; 83.375; 5.141; -2.346; 5.651
2241.0; 83.475; 5.122; -2.396; 5.655
2244.0; 83.573; 5.102; -2.447; 5.659
2247.0; 83.670; 5.083; -2.497; 5.663
2250.0; 83.765; 5.067; -2.339; 5.581
2253.0; 83.859; 5.052; -1.960; 5.419
2256.0; 83.952; 5.036; -1.490; 5.252
2259.0; 84.043; 4.972; -1.057; 5.083
2262.0; 84.133; 4.878; -0.719; 4.931
2265.0; 84.222; 4.789; -0.479; 4.813
2268.0; 84.309; 4.704; -0.320; 4.714
2271.0; 84.396; 4.622; -0.219; 4.627
2274.0; 84.482; 4.544; -0.157; 4.547
2277.0; 84.567; 4.469; -0.120; 4.471
2280.0; 84.651; 4.397; -0.099; 4.398
2283.0; 84.734; 4.328; -0.088; 4.329
2286.0; 84.816; 4.261; -0.082; 4.262
2289.0; 84.897; 4.197; -0.080; 4.198
2292.0; 84.978; 4.135; -0.080; 4.136
2295.0; 85.058; 4.075; -0.081; 4.076
2298.0; 85.137; 4.017; -0.083; 4.018
2301.0; 85.216; 3.961; -0.086; 3.962
2304.0; 85.294; 3.907; -0.089; 3.908
2307.0; 85.372; 3.854; -0.093; 3.856
2310.0; 85.448; 3.803; -0.097; 3.805
2313.0; 85.525; 3.754; -0.102; 3.755
2316.0; 85.600; 3.705; -0.107; 3.707
2319.0; 85.676; 3.658; -0.113; 3.660
2322.0; 85.750; 3.613; -0.120; 3.615
2325.0; 85.825; 3.568; -0.127; 3.570
2328.0; 85.898; 3.525; -0.135; 3.527
