# s_m; t_s; delta_rad; f_drive_N; f_brake_N; gamma_y_N
0.0; 0.000; -0.00038; 5598.1; -0.0; -40.8
3.0; 0.073; -0.00041; 5564.1; -0.0; -43.4
6.0; 0.146; -0.00043; 5531.1; -0.0; -46.2
9.0; 0.218; -0.00045; 5499.1; -0.0; -49.3
12.0; 0.290; -0.00048; 5467.9; -0.0; -52.6
15.0; 0.362; -0.00051; 5437.7; -0.0; -56.2
18.0; 0.433; -0.00054; 5408.2; -0.0; -60.1
21.0; 0.504; -0.00057; 5379.6; -0.0; -64.3
24.0; 0.574; -0.00061; 5351.7; -0.0; -68.8
27.0; 0.644; -0.00064; 5324.5; -0.0; -73.7
30.0; 0.714; -0.00068; 5298.0; -0.0; -78.9
33.0; 0.783; -0.00073; 5272.2; -0.0; -84.6
36.0; 0.852; -0.00078; 5247.0; -0.0; -90.7
39.0; 0.921; -0.00083; 5222.5; -0.0; -97.3
42.0; 0.989; -0.00088; 5198.5; -0.0; -104.4
45.0; 1.057; -0.00094; 5175.1; -0.0; -112.1
48.0; 1.125; -0.00100; 5152.3; -0.0; -120.4
51.0; 1.192; -0.00107; 5129.9; -0.0; -129.3
54.0; 1.259; -0.00114; 5108.1; -0.0; -139.0
57.0; 1.326; -0.00122; 5086.8; -0.0; -149.4
60.0; 1.393; -0.00130; 5065.9; -0.0; -160.6
63.0; 1.459; -0.00139; 5045.5; -0.0; -172.8
66.0; 1.525; -0.00149; 5025.6; -0.0; -185.9
69.0; 1.591; -0.00159; 5006.0; -0.0; -200.0
72.0; 1.656; -0.00170; 4986.9; -0.0; -215.3
75.0; 1.721; -0.00182; 4968.2; -0.0; -231.9
78.0; 1.786; -0.00195; 4949.9; -0.0; -249.7
81.0; 1.851; -0.00209; 4931.9; -0.0; -269.1
84.0; 1.915; -0.00224; 4914.3; -0.0; -290.0
87.0; 1.979; -0.00241; 4897.1; -0.0; -312.6
90.0; 2.043; -0.00258; 4880.2; -0.0; -337.0
93.0; 2.107; -0.00277; 4863.6; -0.0; -363.4
96.0; 2.171; -0.00298; 4847.4; -0.0; -392.0
99.0; 2.234; -0.00320; 4831.5; -0.0; -422.9
102.0; 2.297; -0.00344; 4815.9; -0.0; -456.2
105.0; 2.360; -0.00369; 4800.6; -0.0; -492.2
108.0; 2.422; -0.00397; 4785.6; -0.0; -531.1
111.0; 2.485; -0.00427; 4770.9; -0.0; -573.1
114.0; 2.547; -0.00460; 4756.4; -0.0; -618.5
117.0; 2.609; -0.00495; 4742.3; -0.0; -667.5
120.0; 2.671; -0.00534; 4728.4; -0.0; -720.4
123.0; 2.732; -0.00576; 4714.7; -0.0; -777.5
126.0; 2.794; -0.00621; 4701.4; -0.0; -839.2
129.0; 2.855; -0.00670; 4688.3; -0.0; -905.5
132.0; 2.916; -0.00723; 4675.5; -0.0; -976.5
135.0; 2.976; -0.00778; 4662.9; -0.0; -1051.7
138.0; 3.037; -0.00835; 4650.6; -0.0; -1130.3
141.0; 3.097; -0.00891; 4638.5; -0.0; -1210.6
144.0; 3.157; -0.00943; 4626.7; -0.0; -1290.6
147.0; 3.217; -0.00988; 4615.1; -0.0; -1367.3
150.0; 3.277; -0.01023; 4603.8; -0.0; -1437.9
153.0; 3.337; -0.01045; 4592.7; -0.0; -1499.4
156.0; 3.397; -0.01053; 4581.8; -0.0; -1549.3
159.0; 3.456; -0.01048; 4571.1; -0.0; -1585.9
162.0; 3.515; -0.01031; 4560.6; -0.0; -1608.6
165.0; 3.574; -0.01006; 4550.3; -0.0; -1617.6
168.0; 3.633; -0.00976; 4540.1; -0.0; -1614.2
171.0; 3.692; -0.00943; 4530.1; -0.0; -1600.1
174.0; 3.751; -0.00911; 4520.1; -0.0; -1577.7
177.0; 3.810; -0.00882; 4510.4; -0.0; -1549.7
180.0; 3.868; -0.00856; 4500.7; -0.0; -1518.6
183.0; 3.927; -0.00834; 4491.1; -0.0; -1486.9
186.0; 3.985; -0.00816; 4481.7; -0.0; -1456.8
189.0; 4.043; -0.00804; 4472.3; -0.0; -1430.1
192.0; 4.101; -0.00797; 4463.1; -0.0; -1408.3
195.0; 4.159; -0.00796; 4454.0; -0.0; -1392.8
198.0; 4.217; -0.00802; 4445.0; -0.0; -1384.8
201.0; 4.274; -0.00815; 4436.1; -0.0; -1385.0
204.0; 4.332; -0.00834; 4427.4; -0.0; -1394.3
207.0; 4.389; -0.00861; 4418.7; -0.0; -1412.8
210.0; 4.447; -0.00893; 4410.2; -0.0; -1440.5
213.0; 4.504; -0.00928; 4401.9; -0.0; -1476.2
216.0; 4.561; -0.00964; 4393.7; -0.0; -1518.1
219.0; 4.618; -0.00996; 4385.6; -0.0; -1563.5
222.0; 4.675; -0.01019; 4377.7; -0.0; -1608.6
225.0; 4.732; -0.01030; 4369.9; -0.0; -1649.2
228.0; 4.788; -0.01021; 4362.2; -0.0; -1680.3
231.0; 4.845; -0.00991; 4354.6; -0.0; -1697.1
234.0; 4.902; -0.00937; 4347.1; -0.0; -1694.9
237.0; 4.958; -0.00859; 4339.7; -0.0; -1669.2
240.0; 5.014; -0.00759; 4332.4; -0.0; -1615.7
243.0; 5.071; -0.00640; 4325.1; -0.0; -1531.3
246.0; 5.127; -0.00509; 4317.8; -0.1; -1413.6
249.0; 5.183; -0.00372; 4310.5; -0.1; -1262.5
252.0; 5.239; -0.00237; 4303.2; -0.1; -1081.2
255.0; 5.295; -0.00112; 3959.4; -3.4; -879.6
258.0; 5.351; -0.00006; 2620.6; -5.1; -676.2
261.0; 5.407; 0.00073; 545.6; -24.3; -488.9
264.0; 5.463; 0.00121; 6.4; -2090.4; -329.5
267.0; 5.519; 0.00136; 2.7; -4957.4; -203.2
270.0; 5.576; 0.00123; 1.7; -7842.6; -110.5
273.0; 5.633; 0.00090; 1.3; -10488.8; -48.8
276.0; 5.690; 0.00048; 1.1; -12633.4; -13.5
279.0; 5.748; 0.00009; 1.0; -14004.4; 1.4
282.0; 5.807; -0.00022; 0.1; -14316.7; 0.1
285.0; 5.868; -0.00016; 0.0; -14223.7; 0.0
288.0; 5.929; -0.00004; 0.0; -14131.4; 0.0
291.0; 5.991; 0.00002; 0.0; -14039.9; 0.0
294.0; 6.054; 0.00002; 0.0; -13949.3; 0.0
297.0; 6.119; 0.00001; 0.0; -13859.5; 0.0
300.0; 6.184; -0.00000; 0.0; -13770.6; 0.0
303.0; 6.251; -0.00000; 0.0; -13682.4; 0.0
306.0; 6.319; -0.00000; 0.0; -13595.0; 0.0
309.0; 6.389; 0.00000; 0.0; -13508.5; 0.0
312.0; 6.460; 0.00000; 0.0; -13422.7; 0.0
315.0; 6.533; 0.00000; 0.0; -13337.7; 0.0
318.0; 6.607; 0.00000; 0.0; -13253.5; 0.0
321.0; 6.684; 0.00000; 0.0; -13170.0; 0.0
324.0; 6.762; 0.00007; 0.0; -13080.5; 3.3
327.0; 6.842; 0.00057; 0.0; -12943.6; 29.1
330.0; 6.924; 0.00118; 0.0; -12756.5; 77.7
333.0; 7.008; 0.00175; 0.0; -12523.5; 146.1
336.0; 7.095; 0.00228; 0.0; -12255.0; 228.0
339.0; 7.185; 0.00281; 0.0; -11962.2; 317.7
342.0; 7.277; 0.00342; 0.0; -11652.4; 411.4
345.0; 7.372; 0.00419; 0.0; -11327.5; 507.9
348.0; 7.470; 0.00518; 0.0; -10984.6; 607.8
351.0; 7.572; 0.00646; 0.0; -10617.3; 712.8
354.0; 7.678; 0.00811; 0.0; -10215.6; 825.5
357.0; 7.787; 0.01024; 0.0; -9766.5; 949.0
360.0; 7.900; 0.01300; 0.0; -9253.5; 1086.8
363.0; 8.018; 0.01653; 0.0; -8658.0; 1242.0
366.0; 8.140; 0.02098; 0.0; -7966.3; 1415.4
369.0; 8.267; 0.02635; 0.0; -7183.0; 1602.5
372.0; 8.399; 0.03237; 0.0; -6348.2; 1790.5
375.0; 8.536; 0.03845; 0.0; -5541.7; 1960.9
378.0; 8.678; 0.04384; 0.0; -4851.6; 2097.6
381.0; 8.826; 0.04817; 0.0; -4324.2; 2195.8
384.0; 8.981; 0.05184; 0.0; -3937.2; 2262.9
387.0; 9.143; 0.05628; 0.0; -3586.1; 2316.9
390.0; 9.314; 0.06070; 0.0; -3304.0; 2356.6
393.0; 9.493; 0.06560; 0.0; -3045.7; 2388.7
396.0; 9.678; 0.07356; 0.0; -2652.2; 2429.3
399.0; 9.867; 0.08246; 0.0; -2232.7; 2463.5
402.0; 10.055; 0.08861; 0.0; -1949.0; 2472.7
405.0; 10.236; 0.08957; 0.0; -540.9; 2481.4
408.0; 10.399; 0.08630; 0.1; -0.0; 2468.5
411.0; 10.545; 0.08039; 1691.4; -0.0; 2455.9
414.0; 10.681; 0.07407; 2100.4; -0.0; 2452.4
417.0; 10.817; 0.06948; 2075.5; -0.0; 2456.5
420.0; 10.953; 0.06782; 1991.7; -0.0; 2468.9
423.0; 11.098; 0.06989; 1806.2; -0.0; 2493.3
426.0; 11.261; 0.07621; 1570.1; -0.0; 2513.1
429.0; 11.443; 0.08597; 3056.4; -0.0; 2217.4
432.0; 11.637; 0.09653; 3635.7; -0.0; 2028.1
435.0; 11.833; 0.09964; 3237.9; -0.0; 2139.4
438.0; 12.027; 0.09486; 3127.3; -0.0; 2171.5
441.0; 12.215; 0.08642; 3295.0; -0.0; 2120.7
444.0; 12.399; 0.07698; 3630.1; -0.0; 2012.9
447.0; 12.577; 0.06773; 4028.8; -0.0; 1874.8
450.0; 12.750; 0.05905; 4428.1; -0.0; 1726.9
453.0; 12.918; 0.05109; 4804.8; -0.0; 1578.9
456.0; 13.081; 0.04392; 5152.2; -0.0; 1435.1
459.0; 13.239; 0.03757; 5468.4; -0.0; 1298.1
462.0; 13.391; 0.03204; 5752.9; -0.0; 1169.7
465.0; 13.538; 0.02728; 6006.2; -0.0; 1051.3
468.0; 13.681; 0.02325; 6229.1; -0.0; 944.0
471.0; 13.819; 0.01990; 6422.0; -0.0; 849.3
474.0; 13.953; 0.01718; 6585.3; -0.0; 768.5
477.0; 14.083; 0.01500; 6722.1; -0.0; 701.0
480.0; 14.209; 0.01328; 6835.4; -0.0; 646.3
483.0; 14.332; 0.01202; 6923.8; -0.0; 606.2
486.0; 14.452; 0.01130; 6980.6; -0.0; 585.8
489.0; 14.570; 0.01116; 7000.0; -0.0; 589.2
492.0; 14.684; 0.01115; 7000.0; -0.0; 604.7
495.0; 14.796; 0.01104; 7000.0; -0.0; 619.8
498.0; 14.906; 0.01095; 7000.0; -0.0; 634.9
501.0; 15.013; 0.01088; 7000.0; -0.0; 649.8
504.0; 15.118; 0.01081; 7000.0; -0.0; 664.7
507.0; 15.222; 0.01074; 7000.0; -0.0; 679.4
510.0; 15.323; 0.01069; 7000.0; -0.0; 694.0
513.0; 15.423; 0.01063; 7000.0; -0.0; 708.4
516.0; 15.521; 0.01059; 7000.0; -0.0; 722.8
519.0; 15.618; 0.01054; 7000.0; -0.0; 737.0
522.0; 15.713; 0.01051; 7000.0; -0.0; 751.1
525.0; 15.807; 0.01112; 6961.2; -0.0; 789.3
528.0; 15.900; 0.01224; 6869.1; -0.0; 857.9
531.0; 15.991; 0.01268; 6782.0; -0.0; 919.2
534.0; 16.081; 0.01312; 6699.2; -0.0; 977.6
537.0; 16.170; 0.01504; 6531.3; -0.0; 1084.6
540.0; 16.258; 0.01793; 6244.0; -0.0; 1248.4
543.0; 16.345; 0.02091; 5864.0; -0.0; 1444.8
546.0; 16.431; 0.02279; 5481.1; -0.1; 1624.5
549.0; 16.516; 0.02243; 5042.0; -1.3; 1739.0
552.0; 16.601; 0.01926; 2936.7; -2.3; 1783.5
555.0; 16.685; 0.01407; 10.3; -190.9; 1760.1
558.0; 16.770; 0.00788; 3.6; -3720.8; 1659.1
561.0; 16.855; 0.00197; 1.9; -7056.8; 1487.3
564.0; 16.941; -0.00245; 0.8; -9508.0; 1252.6
567.0; 17.028; -0.00445; 0.0; -10332.8; 972.5
570.0; 17.118; -0.00212; 0.0; -10793.4; 776.1
573.0; 17.210; 0.00365; 0.0; -10594.0; 799.1
576.0; 17.305; 0.01139; 0.0; -9569.0; 1080.9
579.0; 17.402; 0.01874; 0.0; -7960.7; 1499.6
582.0; 17.503; 0.02324; 0.0; -6400.6; 1871.9
585.0; 17.605; 0.02395; 0.0; -5312.4; 2116.2
588.0; 17.709; 0.02183; 0.0; -4689.1; 2251.8
591.0; 17.816; 0.01930; 0.0; -4293.8; 2330.6
594.0; 17.925; 0.01789; 5.1; -3911.6; 2387.0
597.0; 18.035; 0.01565; 5.5; -3665.5; 2413.3
600.0; 18.148; 0.01439; 5.7; -3495.5; 2432.5
603.0; 18.264; 0.01553; 6.0; -3330.8; 2462.3
606.0; 18.381; 0.01952; 6.2; -2920.7; 2510.7
609.0; 18.502; 0.02511; 11.7; -1449.7; 2563.6
612.0; 18.624; 0.02987; 0.3; -330.7; 2591.9
615.0; 18.747; 0.03221; 0.1; -0.2; 2598.9
618.0; 18.870; 0.03191; 0.0; -0.2; 2595.6
621.0; 18.993; 0.02945; 0.0; -0.1; 2586.8
624.0; 19.115; 0.02532; 340.5; -0.1; 2573.7
627.0; 19.238; 0.02022; 1515.7; -0.1; 2562.5
630.0; 19.359; 0.01546; 2002.6; -0.0; 2557.8
633.0; 19.480; 0.01237; 1993.5; -0.0; 2559.4
636.0; 19.601; 0.01168; 1944.8; -0.0; 2566.2
639.0; 19.722; 0.01379; 1851.6; -0.0; 2578.3
642.0; 19.845; 0.01892; 1722.6; -0.0; 2593.2
645.0; 19.970; 0.02703; 1672.2; -0.0; 2595.5
648.0; 20.095; 0.03748; 2202.6; -0.0; 2512.2
651.0; 20.221; 0.04842; 3419.9; -0.0; 2254.8
654.0; 20.346; 0.05625; 3791.9; -0.0; 2141.6
657.0; 20.469; 0.05732; 3450.0; -0.0; 2218.7
660.0; 20.591; 0.05245; 3157.1; -0.0; 2280.5
663.0; 20.711; 0.04495; 3160.1; -0.0; 2263.9
666.0; 20.829; 0.03704; 3521.7; -0.0; 2145.7
669.0; 20.947; 0.02956; 4243.2; -0.0; 1899.0
672.0; 21.063; 0.02273; 5151.1; -0.0; 1543.9
675.0; 21.177; 0.01669; 5980.1; -0.0; 1167.7
678.0; 21.290; 0.01205; 6587.8; -0.0; 856.1
681.0; 21.400; 0.00994; 6926.0; -0.0; 671.9
684.0; 21.508; 0.01070; 7000.0; -0.0; 643.2
687.0; 21.613; 0.01070; 7000.0; -0.0; 647.4
690.0; 21.717; 0.00371; 7000.0; -0.0; 405.1
693.0; 21.819; -0.00511; 7000.0; -0.0; -28.8
696.0; 21.919; -0.01139; 7000.0; -0.0; -457.9
699.0; 22.017; -0.01316; 7000.0; -0.0; -715.7
702.0; 22.113; -0.01250; 6847.2; -0.0; -816.4
705.0; 22.208; -0.01711; 6507.8; -0.0; -1030.8
708.0; 22.302; -0.02343; 5932.3; -0.0; -1344.6
711.0; 22.394; -0.02923; 5226.7; -0.0; -1677.7
714.0; 22.486; -0.03352; 4536.7; -0.0; -1961.9
717.0; 22.576; -0.03646; 3946.3; -0.0; -2177.5
720.0; 22.666; -0.03880; 3471.8; -0.0; -2334.8
723.0; 22.755; -0.04111; 3101.9; -0.0; -2447.5
726.0; 22.844; -0.04333; 2824.2; -0.0; -2525.2
729.0; 22.933; -0.04512; 2628.6; -0.0; -2575.1
732.0; 23.021; -0.04628; 2505.2; -0.0; -2604.3
735.0; 23.108; -0.04684; 2443.5; -0.0; -2618.7
738.0; 23.195; -0.04699; 2433.9; -0.0; -2622.6
741.0; 23.282; -0.04692; 2467.8; -0.0; -2618.2
744.0; 23.367; -0.04670; 2535.6; -0.0; -2607.3
747.0; 23.453; -0.04628; 2624.6; -0.0; -2591.7
750.0; 23.538; -0.04552; 2718.8; -0.0; -2573.7
753.0; 23.623; -0.04428; 2802.5; -0.0; -2555.9
756.0; 23.708; -0.04248; 2867.9; -0.0; -2539.5
759.0; 23.794; -0.04009; 2919.9; -0.0; -2523.6
762.0; 23.880; -0.03723; 2975.0; -0.0; -2504.7
765.0; 23.967; -0.03406; 3057.0; -0.0; -2477.2
768.0; 24.053; -0.03075; 3192.7; -0.0; -2434.0
771.0; 24.140; -0.02744; 3409.1; -0.0; -2366.4
774.0; 24.227; -0.02418; 3730.4; -0.0; -2263.6
777.0; 24.313; -0.02102; 4168.2; -0.0; -2115.9
780.0; 24.399; -0.01807; 4705.0; -0.0; -1921.6
783.0; 24.485; -0.01557; 5278.1; -0.0; -1697.3
786.0; 24.570; -0.01394; 5786.2; -0.0; -1484.3
789.0; 24.654; -0.01365; 6128.1; -0.0; -1336.7
792.0; 24.737; -0.01473; 6254.1; -0.0; -1289.4
795.0; 24.819; -0.01626; 6202.2; -0.0; -1326.8
798.0; 24.900; -0.01580; 6148.4; -0.0; -1354.3
801.0; 24.981; -0.01399; 6096.7; -0.0; -1333.6
804.0; 25.060; -0.00986; 6046.8; -0.0; -1195.1
807.0; 25.139; -0.00543; 5998.5; -0.0; -952.1
810.0; 25.218; -0.00197; 5951.7; -0.0; -655.1
813.0; 25.296; 0.00026; 5906.3; -0.0; -367.8
816.0; 25.373; 0.00160; 5862.4; -0.0; -130.4
819.0; 25.450; 0.00234; 5820.0; -0.0; 43.9
822.0; 25.526; 0.00267; 5779.1; -0.0; 160.1
825.0; 25.601; 0.00275; 5739.5; -0.0; 230.2
828.0; 25.677; 0.00267; 5701.1; -0.0; 266.5
831.0; 25.751; 0.00250; 5664.0; -0.0; 279.1
834.0; 25.825; 0.00227; 5628.1; -0.0; 275.5
837.0; 25.899; 0.00200; 5593.2; -0.0; 260.9
840.0; 25.972; 0.00170; 5559.3; -0.0; 238.7
843.0; 26.045; 0.00138; 5526.5; -0.0; 211.0
846.0; 26.117; 0.00104; 5494.6; -0.0; 179.0
849.0; 26.189; 0.00068; 5463.6; -0.0; 143.1
852.0; 26.261; 0.00030; 5433.4; -0.0; 103.6
855.0; 26.332; -0.00010; 5404.0; -0.0; 60.7
858.0; 26.403; -0.00052; 5375.5; -0.0; 14.6
861.0; 26.473; -0.00093; 5347.7; -0.0; -34.1
864.0; 26.543; -0.00134; 5320.6; -0.0; -84.0
867.0; 26.613; -0.00170; 5294.2; -0.0; -133.2
870.0; 26.682; -0.00198; 5268.5; -0.0; -179.2
873.0; 26.751; -0.00216; 5243.4; -0.0; -218.2
876.0; 26.820; -0.00218; 5218.9; -0.1; -246.1
879.0; 26.888; -0.00201; 4264.0; -3.1; -261.0
882.0; 26.956; -0.00165; 2045.9; -6.5; -263.1
885.0; 27.024; -0.00110; 12.9; -1027.9; -251.7
888.0; 27.092; -0.00043; 3.0; -4473.9; -225.9
891.0; 27.160; 0.00027; 1.7; -7893.3; -186.7
894.0; 27.229; 0.00084; 1.2; -10829.4; -137.1
897.0; 27.299; 0.00119; 1.0; -12813.3; -82.5
900.0; 27.371; 0.00127; 0.0; -13348.9; -27.3
903.0; 27.444; 0.00065; 0.0; -13322.0; -0.0
906.0; 27.518; -0.00008; 0.0; -13238.2; -0.0
909.0; 27.594; -0.00014; 0.0; -13155.2; -0.0
912.0; 27.672; -0.00004; 0.0; -13072.9; -0.0
915.0; 27.753; 0.00001; 0.0; -12991.4; -0.0
918.0; 27.835; 0.00001; 0.0; -12910.7; -0.0
921.0; 27.919; 0.00000; 0.0; -12830.7; -0.0
924.0; 28.006; -0.00000; 0.0; -12751.5; -0.0
927.0; 28.096; -0.00000; 0.0; -12673.1; -0.0
930.0; 28.188; -0.00000; 0.0; -12595.4; -0.0
933.0; 28.284; -0.00000; 0.0; -12518.4; -0.0
936.0; 28.382; -0.00000; 0.0; -12442.2; -0.0
939.0; 28.485; -0.00000; 0.0; -12366.7; -0.0
942.0; 28.592; -0.00000; 0.0; -12291.8; -0.0
945.0; 28.704; -0.00043; 0.0; -12180.2; -17.7
948.0; 28.821; -0.00228; 0.0; -11925.9; -100.5
951.0; 28.944; -0.00522; 0.0; -11511.9; -247.3
954.0; 29.075; -0.00953; 0.0; -10934.6; -447.7
957.0; 29.213; -0.01592; 0.0; -10187.5; -691.6
960.0; 29.362; -0.02521; 0.0; -9263.4; -970.2
963.0; 29.520; -0.03809; 0.0; -8178.2; -1270.1
966.0; 29.692; -0.05490; 0.0; -6990.2; -1570.2
969.0; 29.881; -0.07564; 0.0; -5781.7; -1847.3
972.0; 30.088; -0.10225; 4.5; -4451.8; -2110.2
975.0; 30.316; -0.12624; 0.0; -3543.6; -2261.1
978.0; 30.563; -0.15248; 0.0; -2829.7; -2345.0
981.0; 30.828; -0.17856; 0.0; -2532.4; -2358.8
984.0; 31.111; -0.20765; 0.0; -2823.7; -2294.8
987.0; 31.415; -0.23658; 0.0; -0.0; -2269.0
990.0; 31.720; -0.25450; 0.0; -0.0; -2286.5
993.0; 32.012; -0.25431; 2770.8; -0.0; -2218.7
996.0; 32.305; -0.24229; 2643.3; -0.0; -2254.1
999.0; 32.600; -0.22290; 2615.3; -0.0; -2267.6
1002.0; 32.892; -0.19715; 2729.9; -0.0; -2242.1
1005.0; 33.181; -0.16594; 3108.0; -0.0; -2133.7
1008.0; 33.459; -0.13227; 3748.7; -0.0; -1924.8
1011.0; 33.721; -0.09984; 4507.4; -0.0; -1643.5
1014.0; 33.962; -0.07142; 5255.2; -0.0; -1326.8
1017.0; 34.183; -0.04839; 5915.2; -0.0; -1009.4
1020.0; 34.386; -0.03108; 6445.0; -0.0; -724.1
1023.0; 34.574; -0.01954; 6817.8; -0.0; -505.4
1026.0; 34.752; -0.01415; 7000.0; -0.0; -398.9
1029.0; 34.920; -0.01390; 7000.0; -0.0; -416.2
1032.0; 35.080; -0.01343; 7000.0; -0.0; -433.2
1035.0; 35.233; -0.01304; 7000.0; -0.0; -450.0
1038.0; 35.379; -0.01270; 7000.0; -0.0; -466.6
1041.0; 35.521; -0.01242; 7000.0; -0.0; -483.1
1044.0; 35.657; -0.01204; 7000.0; -0.0; -495.2
1047.0; 35.789; -0.00922; 7000.0; -0.0; -423.6
1050.0; 35.916; -0.00595; 7000.0; -0.0; -310.2
1053.0; 36.040; -0.00334; 7000.0; -0.0; -200.1
1056.0; 36.161; -0.00156; 7000.0; -0.0; -112.1
1059.0; 36.279; -0.00037; 7000.0; -0.0; -46.6
1062.0; 36.394; 0.00039; 7000.0; -0.0; 0.3
1065.0; 36.506; 0.00085; 7000.0; -0.0; 32.6
1068.0; 36.616; 0.00111; 7000.0; -0.0; 53.9
1071.0; 36.724; 0.00124; 7000.0; -0.0; 67.2
1074.0; 36.830; 0.00127; 7000.0; -0.0; 74.7
1077.0; 36.933; 0.00126; 7000.0; -0.0; 78.3
1080.0; 37.035; 0.00121; 7000.0; -0.0; 79.2
1083.0; 37.135; 0.00116; 7000.0; -0.0; 78.6
1086.0; 37.234; 0.00110; 7000.0; -0.0; 77.2
1089.0; 37.331; 0.00105; 7000.0; -0.0; 75.5
1092.0; 37.426; 0.00101; 7000.0; -0.0; 74.2
1095.0; 37.520; 0.00098; 7000.0; -0.0; 73.5
1098.0; 37.612; 0.00098; 6940.0; -0.0; 73.9
1101.0; 37.703; 0.00099; 6849.2; -0.0; 75.9
1104.0; 37.793; 0.00104; 6763.5; -0.0; 79.7
1107.0; 37.882; 0.00113; 6682.3; -0.0; 86.0
1110.0; 37.970; 0.00125; 6605.4; -0.0; 95.4
1113.0; 38.057; 0.00144; 6532.2; -0.0; 108.7
1116.0; 38.142; 0.00168; 6462.6; -0.0; 126.9
1119.0; 38.227; 0.00200; 6396.2; -0.0; 151.2
1122.0; 38.311; 0.00242; 6332.9; -0.0; 183.1
1125.0; 38.394; 0.00295; 6272.3; -0.0; 224.2
1128.0; 38.476; 0.00361; 6214.2; -0.0; 276.2
1131.0; 38.558; 0.00442; 6158.6; -0.0; 341.1
1134.0; 38.639; 0.00538; 6105.3; -0.0; 420.5
1137.0; 38.719; 0.00653; 6054.0; -0.0; 515.9
1140.0; 38.798; 0.00784; 6004.8; -0.0; 627.9
1143.0; 38.877; 0.00931; 5957.5; -0.0; 755.8
1146.0; 38.955; 0.01091; 5912.0; -0.0; 897.7
1149.0; 39.033; 0.01259; 5868.2; -0.0; 1049.2
1152.0; 39.110; 0.01426; 5826.1; -0.0; 1204.0
1155.0; 39.187; 0.01578; 5785.7; -0.0; 1353.5
1158.0; 39.263; 0.01698; 5746.8; -0.0; 1487.4
1161.0; 39.339; 0.01764; 5709.3; -0.0; 1594.7
1164.0; 39.414; 0.01752; 5673.2; -0.1; 1663.7
1167.0; 39.489; 0.01642; 4999.9; -2.2; 1694.2
1170.0; 39.563; 0.01410; 2935.7; -3.6; 1695.9
1173.0; 39.637; 0.01065; 35.3; -30.4; 1668.9
1176.0; 39.711; 0.00633; 4.0; -3300.9; 1598.3
1179.0; 39.785; 0.00169; 2.1; -6501.7; 1476.4
1182.0; 39.860; -0.00265; 1.5; -9121.3; 1290.9
1185.0; 39.936; -0.00614; 0.1; -10636.9; 1023.4
1188.0; 40.014; -0.00767; 0.0; -11501.1; 694.1
1191.0; 40.092; -0.00694; 0.0; -12221.9; 373.9
1194.0; 40.173; -0.00481; 0.0; -12679.0; 137.0
1197.0; 40.256; -0.00225; 0.0; -12855.1; 17.6
1200.0; 40.340; -0.00008; 0.0; -12812.5; 0.0
1203.0; 40.428; 0.00028; 0.0; -12733.8; 0.0
1206.0; 40.517; 0.00010; 0.0; -12653.9; 0.9
1209.0; 40.610; 0.00070; 0.0; -12509.7; 32.2
1212.0; 40.706; 0.00170; 0.0; -12289.3; 97.8
1215.0; 40.806; 0.00292; 0.0; -11988.5; 196.3
1218.0; 40.909; 0.00439; 0.0; -11612.4; 321.5
1221.0; 41.017; 0.00621; 0.0; -11169.4; 466.4
1224.0; 41.129; 0.00853; 0.0; -10664.4; 625.8
1227.0; 41.246; 0.01159; 0.0; -10092.1; 798.8
1230.0; 41.368; 0.01563; 0.0; -9439.5; 986.7
1233.0; 41.497; 0.02089; 0.0; -8693.2; 1190.3
1236.0; 41.631; 0.02752; 0.0; -7850.5; 1406.9
1239.0; 41.773; 0.03553; 0.0; -6931.4; 1628.0
1242.0; 41.923; 0.04461; 0.0; -5987.7; 1838.8
1245.0; 42.081; 0.05410; 0.0; -5096.7; 2021.9
1248.0; 42.247; 0.06322; 0.0; -4331.3; 2165.5
1251.0; 42.420; 0.07161; 0.0; -3717.3; 2269.5
1254.0; 42.600; 0.07964; 0.0; -3220.9; 2343.6
1257.0; 42.786; 0.08807; 0.0; -2781.4; 2399.0
1260.0; 42.977; 0.09714; 0.0; -2376.5; 2439.5
1263.0; 43.172; 0.10554; 0.0; -2062.0; 2460.8
1266.0; 43.369; 0.11110; 0.0; -1886.6; 2457.7
1269.0; 43.568; 0.11226; 0.0; -110.0; 2476.2
1272.0; 43.765; 0.11011; 162.7; -0.0; 2463.7
1275.0; 43.961; 0.10736; 1842.2; -0.0; 2474.6
1278.0; 44.157; 0.10852; 1577.5; -0.0; 2502.4
1281.0; 44.357; 0.11588; 2668.9; -0.0; 2304.0
1284.0; 44.557; 0.12651; 3348.2; -0.0; 2119.7
1287.0; 44.755; 0.13151; 2910.7; -0.0; 2227.4
1290.0; 44.949; 0.12780; 2707.7; -0.0; 2279.4
1293.0; 45.141; 0.11889; 2761.7; -0.0; 2264.7
1296.0; 45.331; 0.10758; 3007.3; -0.0; 2195.0
1299.0; 45.519; 0.09547; 3382.0; -0.0; 2079.4
1302.0; 45.705; 0.08346; 3815.9; -0.0; 1933.8
1305.0; 45.886; 0.07197; 4257.4; -0.0; 1774.0
1308.0; 46.063; 0.06127; 4682.8; -0.0; 1609.1
1311.0; 46.235; 0.05157; 5081.4; -0.0; 1444.7
1314.0; 46.401; 0.04299; 5446.8; -0.0; 1285.2
1317.0; 46.562; 0.03557; 5775.4; -0.0; 1134.1
1320.0; 46.716; 0.02925; 6066.9; -0.0; 993.9
1323.0; 46.866; 0.02395; 6322.9; -0.0; 865.7
1326.0; 47.010; 0.01955; 6545.6; -0.0; 750.5
1329.0; 47.149; 0.01600; 6735.2; -0.0; 650.2
1332.0; 47.284; 0.01335; 6885.7; -0.0; 570.6
1335.0; 47.414; 0.01185; 6980.4; -0.0; 525.1
1338.0; 47.541; 0.01172; 7000.0; -0.0; 528.4
1341.0; 47.664; 0.01165; 7000.0; -0.0; 544.0
1344.0; 47.785; 0.01149; 7000.0; -0.0; 559.4
1347.0; 47.902; 0.01136; 7000.0; -0.0; 574.8
1350.0; 48.017; 0.01124; 7000.0; -0.0; 590.0
1353.0; 48.129; 0.01113; 7000.0; -0.0; 605.2
1356.0; 48.239; 0.01104; 7000.0; -0.0; 620.2
1359.0; 48.347; 0.01095; 7000.0; -0.0; 635.2
1362.0; 48.453; 0.01088; 7000.0; -0.0; 650.0
1365.0; 48.558; 0.01081; 7000.0; -0.0; 664.7
1368.0; 48.660; 0.01074; 7000.0; -0.0; 679.3
1371.0; 48.761; 0.01069; 7000.0; -0.0; 693.8
1374.0; 48.861; 0.01063; 7000.0; -0.0; 708.2
1377.0; 48.958; 0.01059; 7000.0; -0.0; 722.5
1380.0; 49.055; 0.01054; 7000.0; -0.0; 736.7
1383.0; 49.150; 0.01051; 7000.0; -0.0; 750.7
1386.0; 49.243; 0.01108; 6964.3; -0.0; 787.0
1389.0; 49.335; 0.01222; 6872.2; -0.0; 855.7
1392.0; 49.426; 0.01266; 6785.4; -0.0; 916.8
1395.0; 49.516; 0.01310; 6703.4; -0.0; 974.8
1398.0; 49.604; 0.01352; 6625.8; -0.0; 1029.3
1401.0; 49.692; 0.01391; 6552.1; -0.0; 1080.4
1404.0; 49.778; 0.01425; 6482.2; -0.0; 1128.6
1407.0; 49.864; 0.01455; 6415.6; -0.0; 1174.0
1410.0; 49.948; 0.01483; 6352.1; -0.0; 1217.1
1413.0; 50.032; 0.01508; 6291.5; -0.0; 1257.9
1416.0; 50.115; 0.01531; 6233.6; -0.0; 1296.8
1419.0; 50.197; 0.01552; 6178.2; -0.0; 1333.9
1422.0; 50.278; 0.01571; 6125.1; -0.0; 1369.2
1425.0; 50.359; 0.01588; 6074.1; -0.0; 1403.0
1428.0; 50.439; 0.01605; 6025.2; -0.0; 1435.4
1431.0; 50.518; 0.01590; 5978.1; -0.0; 1457.7
1434.0; 50.597; 0.01534; 5932.8; -0.0; 1461.9
1437.0; 50.675; 0.01456; 5889.1; -0.0; 1447.2
1440.0; 50.752; 0.01368; 5846.8; -0.0; 1415.7
1443.0; 50.829; 0.01279; 5805.8; -0.0; 1371.4
1446.0; 50.906; 0.01193; 5766.2; -0.0; 1318.6
1449.0; 50.981; 0.01112; 5727.7; -0.0; 1261.4
1452.0; 51.057; 0.01036; 5690.4; -0.0; 1202.4
1455.0; 51.131; 0.00965; 5654.2; -0.0; 1143.8
1458.0; 51.206; 0.00900; 5619.0; -0.0; 1086.6
1461.0; 51.279; 0.00839; 5584.8; -0.0; 1031.4
1464.0; 51.353; 0.00782; 5551.5; -0.0; 978.4
1467.0; 51.426; 0.00730; 5519.1; -0.0; 927.7
1470.0; 51.498; 0.00682; 5487.7; -0.0; 879.5
1473.0; 51.571; 0.00637; 5457.0; -0.0; 833.5
1476.0; 51.642; 0.00595; 5427.2; -0.0; 789.9
1479.0; 51.714; 0.00556; 5398.2; -0.0; 748.6
1482.0; 51.785; 0.00520; 5369.9; -0.0; 709.5
1485.0; 51.855; 0.00487; 5342.3; -0.0; 672.5
1488.0; 51.925; 0.00457; 5315.4; -0.0; 637.7
1491.0; 51.995; 0.00429; 5289.2; -0.0; 605.0
1494.0; 52.065; 0.00403; 5263.7; -0.0; 574.3
1497.0; 52.134; 0.00379; 5238.8; -0.0; 545.5
1500.0; 52.202; 0.00357; 5214.4; -0.0; 518.7
1503.0; 52.271; 0.00337; 5190.7; -0.0; 493.6
1506.0; 52.339; 0.00318; 5167.5; -0.0; 470.3
1509.0; 52.407; 0.00302; 5144.9; -0.0; 448.7
1512.0; 52.474; 0.00286; 5122.8; -0.0; 428.7
1515.0; 52.541; 0.00272; 5101.2; -0.0; 410.3
1518.0; 52.608; 0.00260; 5080.0; -0.0; 393.4
1521.0; 52.674; 0.00249; 5059.4; -0.0; 378.1
1524.0; 52.740; 0.00239; 5039.2; -0.0; 364.2
1527.0; 52.806; 0.00230; 5019.4; -0.0; 351.7
1530.0; 52.872; 0.00222; 5000.1; -0.0; 340.6
1533.0; 52.937; 0.00216; 4981.1; -0.0; 331.0
1536.0; 53.002; 0.00210; 4962.6; -0.0; 322.7
1539.0; 53.067; 0.00206; 4944.4; -0.0; 315.8
1542.0; 53.131; 0.00202; 4926.7; -0.0; 310.3
1545.0; 53.195; 0.00200; 4909.2; -0.0; 306.3
1548.0; 53.259; 0.00199; 4892.1; -0.0; 303.7
1551.0; 53.323; 0.00199; 4875.4; -0.0; 302.6
1554.0; 53.387; 0.00200; 4858.9; -0.0; 303.1
1557.0; 53.450; 0.00203; 4842.8; -0.0; 305.2
1560.0; 53.513; 0.00206; 4827.0; -0.0; 309.0
1563.0; 53.576; 0.00211; 4811.5; -0.0; 314.6
1566.0; 53.638; 0.00218; 4796.3; -0.0; 322.1
1569.0; 53.701; 0.00226; 4781.3; -0.0; 331.8
1572.0; 53.763; 0.00235; 4766.6; -0.0; 343.7
1575.0; 53.825; 0.00247; 4752.2; -0.0; 358.0
1578.0; 53.887; 0.00260; 4738.1; -0.0; 375.0
1581.0; 53.948; 0.00276; 4724.2; -0.0; 395.0
1584.0; 54.010; 0.00294; 4710.5; -0.0; 418.1
1587.0; 54.071; 0.00314; 4697.1; -0.0; 444.9
1590.0; 54.132; 0.00338; 4684.0; -0.0; 475.5
1593.0; 54.193; 0.00365; 4671.0; -0.0; 510.6
1596.0; 54.254; 0.00395; 4658.3; -0.0; 550.5
1599.0; 54.314; 0.00430; 4645.8; -0.0; 595.7
1602.0; 54.374; 0.00469; 4633.5; -0.0; 647.0
1605.0; 54.435; 0.00514; 4621.4; -0.0; 704.9
1608.0; 54.495; 0.00565; 4609.6; -0.0; 770.2
1611.0; 54.555; 0.00623; 4597.9; -0.0; 843.7
1614.0; 54.615; 0.00689; 4586.4; -0.0; 926.4
1617.0; 54.675; 0.00764; 4575.2; -0.0; 1019.0
1620.0; 54.734; 0.00849; 4564.2; -0.0; 1122.1
1623.0; 54.794; 0.00945; 4553.4; -0.0; 1235.9
1626.0; 54.853; 0.01051; 4542.9; -0.0; 1359.7
1629.0; 54.913; 0.01165; 4532.6; -0.0; 1491.6
1632.0; 54.972; 0.01283; 4522.5; -0.0; 1628.2
1635.0; 55.031; 0.01399; 4512.8; -0.0; 1764.7
1638.0; 55.090; 0.01506; 4503.3; -0.0; 1895.2
1641.0; 55.149; 0.01595; 4494.1; -0.0; 2014.2
1644.0; 55.208; 0.01661; 4485.2; -0.0; 2117.2
1647.0; 55.266; 0.01703; 4476.5; -0.0; 2201.7
1650.0; 55.325; 0.01723; 4468.1; -0.0; 2267.5
1653.0; 55.384; 0.01733; 4459.8; -0.0; 2316.5
1656.0; 55.442; 0.01747; 4451.8; -0.0; 2352.5
1659.0; 55.500; 0.01783; 4443.9; -0.0; 2381.2
1662.0; 55.558; 0.01858; 4436.1; -0.0; 2409.0
1665.0; 55.616; 0.01979; 4428.6; -0.0; 2442.3
1668.0; 55.674; 0.02140; 4421.2; -0.0; 2484.2
1671.0; 55.732; 0.02315; 4413.8; -0.1; 2533.3
1674.0; 55.790; 0.02470; 4264.4; -0.1; 2587.3
1677.0; 55.848; 0.02552; 4101.9; -0.1; 2638.7
1680.0; 55.905; 0.02531; 3948.1; -0.2; 2681.4
1683.0; 55.963; 0.02396; 3825.7; -0.9; 2710.0
1686.0; 56.020; 0.02150; 3281.1; -1.8; 2724.6
1689.0; 56.078; 0.01807; 2389.5; -2.8; 2725.7
1692.0; 56.135; 0.01387; 1230.8; -6.2; 2713.5
1695.0; 56.193; 0.00916; 42.2; -187.1; 2687.4
1698.0; 56.250; 0.00428; 8.3; -1657.2; 2647.3
1701.0; 56.308; -0.00039; 4.2; -3185.3; 2597.4
1704.0; 56.366; -0.00449; 2.8; -4604.1; 2541.2
1707.0; 56.424; -0.00772; 2.2; -5738.0; 2482.8
1710.0; 56.483; -0.00988; 3.0; -6381.8; 2423.2
1713.0; 56.543; -0.01091; 3.0; -6598.2; 2358.3
1716.0; 56.603; -0.01080; 2.9; -6923.0; 2281.6
1719.0; 56.663; -0.00991; 2.7; -7334.5; 2190.2
1722.0; 56.724; -0.00864; 2.5; -7793.2; 2086.0
1725.0; 56.786; -0.00747; 2.4; -8268.7; 1969.5
1728.0; 56.848; -0.00712; 0.6; -8786.0; 1826.9
1731.0; 56.911; -0.00708; 0.0; -9341.7; 1662.1
1734.0; 56.975; -0.00652; 0.0; -9856.5; 1493.4
1737.0; 57.039; -0.00560; 0.0; -10328.7; 1326.2
1740.0; 57.105; -0.00450; 0.0; -10734.5; 1171.7
1743.0; 57.171; -0.00338; 0.0; -11052.5; 1040.4
1746.0; 57.239; -0.00238; 0.0; -11276.0; 937.6
1749.0; 57.307; -0.00154; 0.0; -11412.5; 863.1
1752.0; 57.377; -0.00087; 0.0; -11477.9; 812.9
1755.0; 57.447; -0.00036; 0.0; -11490.1; 781.4
1758.0; 57.519; 0.00003; 0.0; -11465.0; 763.3
1761.0; 57.592; 0.00036; 0.0; -11414.6; 754.5
1764.0; 57.667; 0.00065; 0.0; -11346.7; 752.2
1767.0; 57.743; 0.00094; 0.0; -11265.6; 754.7
1770.0; 57.820; 0.00125; 0.0; -11172.8; 761.5
1773.0; 57.899; 0.00160; 0.0; -11068.1; 772.7
1776.0; 57.980; 0.00200; 0.0; -10950.2; 788.7
1779.0; 58.062; 0.00246; 0.0; -10817.9; 809.6
1782.0; 58.146; 0.00298; 0.0; -10670.5; 835.7
1785.0; 58.233; 0.00357; 0.0; -10507.1; 867.1
1788.0; 58.322; 0.00425; 0.0; -10326.7; 903.9
1791.0; 58.414; 0.00505; 0.0; -10127.9; 946.3
1794.0; 58.509; 0.00599; 0.0; -9908.3; 994.7
1797.0; 58.606; 0.00711; 0.0; -9663.9; 1050.2
1800.0; 58.708; 0.00848; 0.0; -9388.5; 1114.1
1803.0; 58.812; 0.01016; 0.0; -9073.5; 1188.4
1806.0; 58.919; 0.01224; 0.0; -8708.3; 1275.3
1809.0; 59.029; 0.01479; 0.0; -8280.4; 1377.0
1812.0; 59.142; 0.01791; 0.0; -7779.5; 1494.6
1815.0; 59.258; 0.02160; 0.0; -7206.0; 1626.1
1818.0; 59.376; 0.02572; 0.0; -6581.1; 1764.6
1821.0; 59.497; 0.02993; 0.0; -5951.1; 1898.5
1824.0; 59.621; 0.03381; 0.0; -5376.5; 2015.5
1827.0; 59.747; 0.03701; 0.0; -4905.1; 2107.3
1830.0; 59.875; 0.03955; 0.0; -4548.3; 2173.8
1833.0; 60.006; 0.04205; 0.0; -4262.7; 2223.4
1836.0; 60.140; 0.04553; 0.0; -3963.7; 2270.2
1839.0; 60.275; 0.04908; 0.0; -3696.4; 2310.1
1842.0; 60.413; 0.05215; 5.7; -3485.7; 2340.3
1845.0; 60.553; 0.05519; 6.1; -3303.1; 2364.5
1848.0; 60.695; 0.05801; 6.3; -3162.4; 2381.8
1851.0; 60.840; 0.06099; 0.0; -3041.9; 2395.0
1854.0; 60.987; 0.06703; 0.0; -2771.3; 2421.4
1857.0; 61.139; 0.07561; 0.1; -2390.3; 2454.2
1860.0; 61.297; 0.08368; 0.1; -1517.9; 2483.8
1863.0; 61.461; 0.08937; 0.0; -709.8; 2499.4
1866.0; 61.632; 0.09251; 0.0; -242.7; 2503.4
1869.0; 61.808; 0.09397; 0.0; -0.3; 2502.9
1872.0; 61.988; 0.09477; 0.0; -0.0; 2499.1
1875.0; 62.172; 0.09566; 0.0; -0.0; 2495.4
1878.0; 62.359; 0.09695; 0.0; -0.0; 2491.8
1881.0; 62.549; 0.09879; 0.0; -0.0; 2488.0
1884.0; 62.742; 0.10129; 0.1; -0.0; 2483.8
1887.0; 62.939; 0.10482; 615.0; -0.0; 2489.8
1890.0; 63.138; 0.11077; 1562.3; -0.0; 2503.2
1893.0; 63.338; 0.12076; 2898.5; -0.0; 2264.1
1896.0; 63.537; 0.13299; 3146.6; -0.0; 2191.9
1899.0; 63.732; 0.14078; 2635.4; -0.0; 2312.7
1902.0; 63.924; 0.14284; 1652.4; -0.0; 2397.2
1905.0; 64.115; 0.14196; 915.7; -0.0; 2441.4
1908.0; 64.306; 0.14025; 402.9; -0.0; 2464.5
1911.0; 64.498; 0.13877; 0.2; -0.0; 2478.2
1914.0; 64.692; 0.13800; 0.0; -0.0; 2481.0
1917.0; 64.887; 0.13822; 0.0; -0.0; 2476.1
1920.0; 65.084; 0.13939; 554.3; -0.0; 2450.4
1923.0; 65.281; 0.14113; 2066.2; -0.0; 2363.0
1926.0; 65.475; 0.14304; 2665.3; -0.0; 2311.7
1929.0; 65.664; 0.14345; 2553.9; -0.0; 2335.5
1932.0; 65.850; 0.14115; 2433.2; -0.0; 2361.6
1935.0; 66.034; 0.13647; 2397.7; -0.0; 2370.9
1938.0; 66.217; 0.12995; 2425.3; -0.0; 2366.8
1941.0; 66.399; 0.12152; 2497.1; -0.0; 2350.1
1944.0; 66.580; 0.11060; 2654.4; -0.0; 2306.8
1947.0; 66.759; 0.09654; 3021.4; -0.0; 2198.1
1950.0; 66.937; 0.07885; 3751.4; -0.0; 1958.7
1953.0; 67.114; 0.05724; 4838.1; -0.0; 1540.3
1956.0; 67.286; 0.03134; 6123.0; -0.1; 931.2
1959.0; 67.453; -0.00032; 1678.8; -8.0; 84.8
1962.0; 67.617; -0.03270; 0.9; -4797.0; -899.5
1965.0; 67.784; -0.05917; 0.0; -6754.8; -1620.0
1968.0; 67.960; -0.08083; 0.0; -4823.9; -2041.5
1971.0; 68.147; -0.09956; 0.0; -3468.6; -2277.4
1974.0; 68.344; -0.11283; 0.0; -2673.8; -2388.7
1977.0; 68.549; -0.12143; 0.0; -2294.0; -2431.0
1980.0; 68.764; -0.12806; 0.0; -2131.5; -2441.5
1983.0; 68.989; -0.13507; 0.0; -2067.4; -2436.2
1986.0; 69.226; -0.14367; 0.0; -2056.1; -2419.0
1989.0; 69.478; -0.15323; 0.0; -2115.3; -2380.0
1992.0; 69.747; -0.15933; 0.0; -0.0; -2405.7
1995.0; 70.030; -0.16066; 1888.5; -0.0; -2447.7
1998.0; 70.316; -0.16589; 2854.0; -0.0; -2234.7
2001.0; 70.591; -0.17805; 3238.5; -0.0; -2107.4
2004.0; 70.852; -0.17997; 2820.2; -0.0; -2222.6
2007.0; 71.102; -0.16864; 2773.9; -0.0; -2237.6
2010.0; 71.347; -0.14931; 3010.1; -0.0; -2171.2
2013.0; 71.589; -0.12573; 3498.6; -0.0; -2017.5
2016.0; 71.823; -0.10095; 4146.6; -0.0; -1789.1
2019.0; 72.046; -0.07720; 4843.6; -0.0; -1513.2
2022.0; 72.254; -0.05601; 5513.8; -0.0; -1215.4
2025.0; 72.451; -0.03835; 6106.0; -0.0; -920.9
2028.0; 72.637; -0.02489; 6579.3; -0.0; -660.0
2031.0; 72.812; -0.01633; 6893.2; -0.0; -474.7
2034.0; 72.978; -0.01355; 7000.0; -0.0; -419.2
2037.0; 73.136; -0.01335; 7000.0; -0.0; -436.2
2040.0; 73.286; -0.01298; 7000.0; -0.0; -452.8
2043.0; 73.431; -0.01265; 7000.0; -0.0; -469.3
2046.0; 73.570; -0.01238; 7000.0; -0.0; -485.7
2049.0; 73.705; -0.01214; 7000.0; -0.0; -501.9
2052.0; 73.836; -0.01193; 7000.0; -0.0; -517.9
2055.0; 73.963; -0.01174; 7000.0; -0.0; -533.8
2058.0; 74.087; -0.01158; 7000.0; -0.0; -549.6
2061.0; 74.208; -0.01008; 7000.0; -0.0; -518.0
2064.0; 74.325; -0.00697; 7000.0; -0.0; -412.3
2067.0; 74.440; -0.00277; 7000.0; -0.0; -235.7
2070.0; 74.553; 0.00202; 7000.0; -0.0; -3.4
2073.0; 74.663; 0.00688; 7000.0; -0.0; 259.7
2076.0; 74.771; 0.01120; 7000.0; -0.0; 519.5
2079.0; 74.877; 0.01421; 5312.8; -2.1; 753.0
2082.0; 74.981; 0.01509; 1203.3; -3.7; 945.9
2085.0; 75.084; 0.01324; 2.7; -3756.7; 1047.0
2088.0; 75.187; 0.00882; 1.6; -8065.9; 1016.7
2091.0; 75.293; 0.00292; 0.0; -10276.0; 819.8
2094.0; 75.402; -0.00161; 0.0; -11104.3; 500.6
2097.0; 75.516; -0.00321; 0.0; -11763.0; 199.3
2100.0; 75.634; -0.00254; 0.0; -12069.4; 25.9
2103.0; 75.759; -0.00052; 0.0; -12051.7; 0.0
2106.0; 75.892; -0.00002; 0.0; -11979.8; 0.0
2109.0; 76.033; 0.00537; 0.0; -11517.1; 176.0
2112.0; 76.186; 0.01793; 0.0; -10453.1; 563.2
2115.0; 76.353; 0.03987; 0.0; -8743.1; 1095.2
2118.0; 76.536; 0.06963; 0.0; -6716.9; 1625.2
2121.0; 76.737; 0.10237; 0.0; -4864.3; 2027.6
2124.0; 76.957; 0.13325; 0.0; -3456.5; 2263.2
2127.0; 77.194; 0.15907; 0.0; -2622.9; 2361.6
2130.0; 77.449; 0.18101; 0.0; -2383.2; 2372.4
2133.0; 77.723; 0.20150; 0.0; -0.0; 2352.8
2136.0; 78.006; 0.21517; 0.0; -0.0; 2337.4
2139.0; 78.286; 0.21245; 2733.5; -0.0; 2244.5
2142.0; 78.558; 0.19399; 2767.2; -0.0; 2232.8
2145.0; 78.823; 0.15978; 3250.3; -0.0; 2087.8
2148.0; 79.077; 0.11394; 4333.3; -0.0; 1708.5
2151.0; 79.319; 0.06564; 5644.6; -0.0; 1140.4
2154.0; 79.544; 0.02490; 6771.5; -0.0; 504.5
2157.0; 79.753; -0.00007; 7000.0; -0.0; 11.6
2160.0; 79.945; -0.01952; 6878.8; -0.0; -459.1
2163.0; 80.121; -0.04263; 5843.6; -0.0; -1078.9
2166.0; 80.286; -0.06314; 4649.0; -0.0; -1644.9
2169.0; 80.442; -0.07637; 3706.4; -0.0; -2013.9
2172.0; 80.593; -0.08075; 3156.8; -0.0; -2194.9
2175.0; 80.740; -0.07838; 2939.5; -0.0; -2257.2
2178.0; 80.884; -0.07270; 2977.4; -0.0; -2244.8
2181.0; 81.025; -0.06611; 3213.2; -0.0; -2175.0
2184.0; 81.165; -0.05947; 3587.5; -0.0; -2057.1
2187.0; 81.304; -0.05295; 4026.9; -0.0; -1906.6
2190.0; 81.444; -0.04652; 4475.7; -0.0; -1739.9
2193.0; 81.584; -0.04017; 4913.8; -0.0; -1565.2
2196.0; 81.722; -0.03400; 5336.6; -0.0; -1385.3
2199.0; 81.859; -0.02814; 5738.3; -0.0; -1203.3
2202.0; 81.994; -0.02276; 6111.2; -0.0; -1023.5
2205.0; 82.125; -0.01800; 6445.8; -0.0; -852.6
2208.0; 82.253; -0.01413; 6725.9; -0.0; -702.5
2211.0; 82.378; -0.01165; 6922.1; -0.0; -596.5
2214.0; 82.499; -0.01108; 7000.0; -0.0; -563.0
2217.0; 82.618; -0.01137; 7000.0; -0.0; -579.0
2220.0; 82.733; -0.01122; 7000.0; -0.0; -593.9
2223.0; 82.846; -0.01111; 7000.0; -0.0; -609.1
2226.0; 82.956; -0.01101; 7000.0; -0.0; -624.2
2229.0; 83.064; -0.01093; 7000.0; -0.0; -639.1
2232.0; 83.170; -0.01086; 7000.0; -0.0; -653.8
2235.0; 83.273; -0.01079; 7000.0; -0.0; -668.5
2238.0; 83.375; -0.01073; 7000.0; -0.0; -683.0
2241.0; 83.475; -0.01067; 7000.0; -0.0; -697.4
2244.0; 83.573; -0.01062; 7000.0; -0.0; -711.6
2247.0; 83.670; -0.00896; 7000.0; -0.0; -666.7
2250.0; 83.765; -0.00641; 7000.0; -0.0; -558.7
2253.0; 83.859; -0.00414; 7000.0; -0.0; -424.7
2256.0; 83.952; -0.00257; 6943.3; -0.0; -301.3
2259.0; 84.043; -0.00159; 6852.4; -0.0; -204.9
2262.0; 84.133; -0.00100; 6766.5; -0.0; -136.5
2265.0; 84.222; -0.00066; 6685.2; -0.0; -91.1
2268.0; 84.309; -0.00046; 6608.1; -0.0; -62.3
2271.0; 84.396; -0.00035; 6534.8; -0.0; -44.7
2274.0; 84.482; -0.00029; 6465.1; -0.0; -34.2
2277.0; 84.567; -0.00026; 6398.6; -0.0; -28.3
2280.0; 84.651; -0.00025; 6335.1; -0.0; -25.0
2283.0; 84.734; -0.00024; 6274.4; -0.0; -23.4
2286.0; 84.816; -0.00024; 6216.3; -0.0; -22.8
2289.0; 84.897; -0.00024; 6160.6; -0.0; -22.8
2292.0; 84.978; -0.00024; 6107.2; -0.0; -23.1
2295.0; 85.058; -0.00025; 6055.8; -0.0; -23.7
2298.0; 85.137; -0.00025; 6006.5; -0.0; -24.5
2301.0; 85.216; -0.00026; 5958.9; -0.0; -25.4
2304.0; 85.294; -0.00027; 5913.1; -0.0; -26.5
2307.0; 85.372; -0.00028; 5868.9; -0.0; -27.7
2310.0; 85.448; -0.00029; 5826.3; -0.0; -29.1
2313.0; 85.525; -0.00030; 5785.0; -0.0; -30.6
2316.0; 85.600; -0.00032; 5745.2; -0.0; -32.3
2319.0; 85.676; -0.00033; 5706.7; -0.0; -34.1
2322.0; 85.750; -0.00035; 5669.3; -0.0; -36.2
2325.0; 85.825; -0.00037; 5633.2; -0.0; -38.4
