# s_m; t_s; v_mps; beta_rad; omega_z_radps; n_m; xi_rad
0.0; 0.000; 40.83; 0.00037; -0.00364; 1.13098; -0.02525
3.0; 0.073; 41.09; 0.00039; -0.00386; 1.05596; -0.02550
6.0; 0.146; 41.34; 0.00041; -0.00409; 0.98026; -0.02576
9.0; 0.218; 41.58; 0.00044; -0.00434; 0.90387; -0.02601
12.0; 0.290; 41.83; 0.00047; -0.00461; 0.82679; -0.02628
15.0; 0.362; 42.06; 0.00051; -0.00491; 0.74899; -0.02655
18.0; 0.433; 42.30; 0.00054; -0.00523; 0.67046; -0.02683
21.0; 0.504; 42.53; 0.00058; -0.00557; 0.59118; -0.02713
24.0; 0.574; 42.75; 0.00062; -0.00593; 0.51111; -0.02743
27.0; 0.644; 42.98; 0.00066; -0.00633; 0.43024; -0.02775
30.0; 0.714; 43.20; 0.00071; -0.00676; 0.34853; -0.02809
33.0; 0.783; 43.41; 0.00076; -0.00722; 0.26593; -0.02844
36.0; 0.852; 43.63; 0.00082; -0.00771; 0.18240; -0.02881
39.0; 0.921; 43.83; 0.00088; -0.00824; 0.09790; -0.02921
42.0; 0.989; 44.04; 0.00095; -0.00882; 0.01235; -0.02963
45.0; 1.057; 44.24; 0.00102; -0.00943; -0.07429; -0.03008
48.0; 1.125; 44.44; 0.00109; -0.01010; -0.16210; -0.03056
51.0; 1.192; 44.64; 0.00117; -0.01081; -0.25116; -0.03107
54.0; 1.259; 44.83; 0.00126; -0.01158; -0.34155; -0.03161
57.0; 1.326; 45.03; 0.00136; -0.01241; -0.43336; -0.03220
60.0; 1.393; 45.22; 0.00146; -0.01331; -0.52671; -0.03283
63.0; 1.459; 45.40; 0.00157; -0.01427; -0.62169; -0.03351
66.0; 1.525; 45.58; 0.00169; -0.01531; -0.71845; -0.03424
69.0; 1.591; 45.77; 0.00182; -0.01643; -0.81710; -0.03503
72.0; 1.656; 45.94; 0.00196; -0.01764; -0.91778; -0.03585
75.0; 1.721; 46.12; 0.00211; -0.01894; -1.02045; -0.03664
78.0; 1.786; 46.29; 0.00228; -0.02035; -1.12485; -0.03730
81.0; 1.851; 46.47; 0.00245; -0.02187; -1.23046; -0.03779
84.0; 1.915; 46.64; 0.00264; -0.02352; -1.33669; -0.03810
87.0; 1.979; 46.80; 0.00285; -0.02529; -1.44296; -0.03823
90.0; 2.043; 46.97; 0.00308; -0.02721; -1.54870; -0.03819
93.0; 2.107; 47.13; 0.00332; -0.02928; -1.65336; -0.03799
96.0; 2.171; 47.29; 0.00358; -0.03152; -1.75642; -0.03765
99.0; 2.234; 47.45; 0.00387; -0.03393; -1.85739; -0.03716
102.0; 2.297; 47.60; 0.00418; -0.03654; -1.95578; -0.03655
105.0; 2.360; 47.76; 0.00451; -0.03935; -2.05115; -0.03581
108.0; 2.422; 47.91; 0.00488; -0.04239; -2.14308; -0.03497
111.0; 2.485; 48.06; 0.00527; -0.04567; -2.23119; -0.03404
114.0; 2.547; 48.21; 0.00570; -0.04921; -2.31514; -0.03302
117.0; 2.609; 48.36; 0.00616; -0.05303; -2.39459; -0.03195
120.0; 2.671; 48.50; 0.00666; -0.05717; -2.46928; -0.03083
123.0; 2.732; 48.64; 0.00721; -0.06164; -2.53898; -0.02967
126.0; 2.794; 48.78; 0.00781; -0.06649; -2.60350; -0.02852
129.0; 2.855; 48.92; 0.00845; -0.07173; -2.66270; -0.02737
132.0; 2.916; 49.06; 0.00916; -0.07736; -2.71649; -0.02627
135.0; 2.976; 49.19; 0.00993; -0.08336; -2.76485; -0.02522
138.0; 3.037; 49.33; 0.01076; -0.08964; -2.80779; -0.02425
141.0; 3.097; 49.46; 0.01165; -0.09605; -2.84538; -0.02337
144.0; 3.157; 49.58; 0.01259; -0.10235; -2.87773; -0.02258
147.0; 3.217; 49.71; 0.01357; -0.10824; -2.90507; -0.02195
150.0; 3.277; 49.84; 0.01456; -0.11335; -2.92791; -0.02155
153.0; 3.337; 49.96; 0.01552; -0.11734; -2.94701; -0.02140
156.0; 3.397; 50.08; 0.01641; -0.11992; -2.96325; -0.02147
159.0; 3.456; 50.20; 0.01719; -0.12093; -2.97739; -0.02166
162.0; 3.515; 50.32; 0.01782; -0.12039; -2.99007; -0.02189
165.0; 3.574; 50.43; 0.01826; -0.11847; -3.00174; -0.02205
168.0; 3.633; 50.55; 0.01851; -0.11551; -3.01271; -0.02209
171.0; 3.692; 50.66; 0.01856; -0.11188; -3.02310; -0.02196
174.0; 3.751; 50.77; 0.01845; -0.10794; -3.03288; -0.02162
177.0; 3.810; 50.88; 0.01819; -0.10405; -3.04191; -0.02107
180.0; 3.868; 50.99; 0.01783; -0.10048; -3.04994; -0.02033
183.0; 3.927; 51.10; 0.01741; -0.09741; -3.05666; -0.01941
186.0; 3.985; 51.21; 0.01697; -0.09491; -3.06173; -0.01835
189.0; 4.043; 51.32; 0.01654; -0.09305; -3.06479; -0.01719
192.0; 4.101; 51.43; 0.01615; -0.09183; -3.06551; -0.01597
195.0; 4.159; 51.53; 0.01582; -0.09129; -3.06362; -0.01471
198.0; 4.217; 51.64; 0.01556; -0.09145; -3.05888; -0.01347
201.0; 4.274; 51.74; 0.01539; -0.09234; -3.05114; -0.01228
204.0; 4.332; 51.85; 0.01532; -0.09400; -3.04034; -0.01118
207.0; 4.389; 51.95; 0.01536; -0.09643; -3.02651; -0.01022
210.0; 4.447; 52.05; 0.01551; -0.09960; -3.00979; -0.00944
213.0; 4.504; 52.15; 0.01579; -0.10341; -2.99041; -0.00888
216.0; 4.561; 52.25; 0.01619; -0.10764; -2.96872; -0.00857
219.0; 4.618; 52.35; 0.01669; -0.11199; -2.94518; -0.00856
222.0; 4.675; 52.44; 0.01728; -0.11603; -2.92052; -0.00892
225.0; 4.732; 52.54; 0.01791; -0.11925; -2.89573; -0.00971
228.0; 4.788; 52.63; 0.01853; -0.12112; -2.87202; -0.01090
231.0; 4.845; 52.73; 0.01908; -0.12111; -2.85058; -0.01241
234.0; 4.902; 52.82; 0.01949; -0.11876; -2.83249; -0.01410
237.0; 4.958; 52.91; 0.01967; -0.11377; -2.81869; -0.01586
240.0; 5.014; 53.00; 0.01955; -0.10597; -2.80988; -0.01751
243.0; 5.071; 53.09; 0.01908; -0.09537; -2.80651; -0.01890
246.0; 5.127; 53.18; 0.01820; -0.08217; -2.80875; -0.01989
249.0; 5.183; 53.27; 0.01691; -0.06679; -2.81639; -0.02033
252.0; 5.239; 53.36; 0.01522; -0.04988; -2.82891; -0.02014
255.0; 5.295; 53.45; 0.01319; -0.03231; -2.84540; -0.01925
258.0; 5.351; 53.52; 0.01094; -0.01624; -2.86467; -0.01770
261.0; 5.407; 53.54; 0.00868; -0.00429; -2.88533; -0.01566
264.0; 5.463; 53.45; 0.00659; 0.00385; -2.90597; -0.01335
267.0; 5.519; 53.25; 0.00477; 0.00902; -2.92541; -0.01097
270.0; 5.576; 52.91; 0.00324; 0.01175; -2.94280; -0.00864
273.0; 5.633; 52.43; 0.00200; 0.01229; -2.95766; -0.00651
276.0; 5.690; 51.82; 0.00105; 0.01087; -2.96986; -0.00469
279.0; 5.748; 51.11; 0.00039; 0.00795; -2.97959; -0.00326
282.0; 5.807; 50.31; 0.00001; 0.00422; -2.98727; -0.00229
285.0; 5.868; 49.49; -0.00012; 0.00011; -2.99357; -0.00183
288.0; 5.929; 48.67; -0.00008; -0.00119; -2.99924; -0.00180
291.0; 5.991; 47.84; -0.00002; -0.00076; -3.00510; -0.00206
294.0; 6.054; 47.00; 0.00001; -0.00012; -3.01198; -0.00257
297.0; 6.119; 46.16; 0.00001; 0.00013; -3.02075; -0.00334
300.0; 6.184; 45.30; 0.00000; 0.00011; -3.03227; -0.00439
303.0; 6.251; 44.44; -0.00000; 0.00002; -3.04740; -0.00573
306.0; 6.319; 43.57; -0.00000; -0.00001; -3.06700; -0.00736
309.0; 6.389; 42.69; -0.00000; -0.00001; -3.09193; -0.00927
312.0; 6.460; 41.80; -0.00000; -0.00000; -3.12304; -0.01147
315.0; 6.533; 40.90; -0.00000; 0.00000; -3.16121; -0.01395
318.0; 6.607; 39.99; -0.00000; 0.00000; -3.20729; -0.01672
321.0; 6.684; 39.07; -0.00000; 0.00000; -3.26216; -0.01978
324.0; 6.762; 38.13; -0.00000; 0.00000; -3.32668; -0.02312
327.0; 6.842; 37.17; -0.00001; 0.00072; -3.40171; -0.02671
330.0; 6.924; 36.21; -0.00016; 0.00622; -3.48785; -0.03030
333.0; 7.008; 35.23; -0.00061; 0.01494; -3.58528; -0.03355
336.0; 7.095; 34.25; -0.00138; 0.02507; -3.69362; -0.03624
339.0; 7.185; 33.26; -0.00241; 0.03560; -3.81186; -0.03823
342.0; 7.277; 32.27; -0.00356; 0.04626; -3.93835; -0.03944
345.0; 7.372; 31.27; -0.00477; 0.05729; -4.07085; -0.03977
348.0; 7.470; 30.27; -0.00598; 0.06911; -4.20657; -0.03907
351.0; 7.572; 29.27; -0.00717; 0.08223; -4.34205; -0.03714
354.0; 7.678; 28.26; -0.00835; 0.09714; -4.47310; -0.03369
357.0; 7.787; 27.26; -0.00953; 0.11443; -4.59455; -0.02835
360.0; 7.900; 26.27; -0.01076; 0.13478; -4.69999; -0.02064
363.0; 8.018; 25.29; -0.01205; 0.15905; -4.78135; -0.00987
366.0; 8.140; 24.34; -0.01346; 0.18811; -4.82823; 0.00490
369.0; 8.267; 23.42; -0.01505; 0.22252; -4.82718; 0.02483
372.0; 8.399; 22.54; -0.01689; 0.26179; -4.76157; 0.05101
375.0; 8.536; 21.73; -0.01906; 0.30361; -4.61199; 0.08432
378.0; 8.678; 20.98; -0.02157; 0.34386; -4.35701; 0.12515
381.0; 8.826; 20.28; -0.02432; 0.37839; -3.97440; 0.17287
384.0; 8.981; 19.60; -0.02705; 0.40560; -3.44398; 0.22446
387.0; 9.143; 18.94; -0.02948; 0.42754; -2.75501; 0.27483
390.0; 9.314; 18.29; -0.03151; 0.45062; -1.91311; 0.32014
393.0; 9.493; 17.65; -0.03340; 0.47328; -0.93971; 0.35889
396.0; 9.678; 17.02; -0.03524; 0.49731; 0.13349; 0.39068
399.0; 9.867; 16.43; -0.03750; 0.53060; 1.26776; 0.41496
402.0; 10.055; 15.90; -0.04169; 0.57021; 2.40588; 0.42598
405.0; 10.236; 15.42; -0.04955; 0.61529; 3.44313; 0.40856
408.0; 10.399; 15.16; -0.05873; 0.63310; 4.24793; 0.34607
411.0; 10.545; 14.99; -0.06861; 0.65222; 4.75918; 0.24690
414.0; 10.681; 15.01; -0.07696; 0.62744; 5.00322; 0.13761
417.0; 10.817; 15.08; -0.08174; 0.59672; 5.00987; 0.02790
420.0; 10.953; 15.15; -0.08285; 0.56783; 4.78071; -0.08547
423.0; 11.098; 15.20; -0.07978; 0.53522; 4.29403; -0.19217
426.0; 11.261; 15.25; -0.07006; 0.49090; 3.53593; -0.27136
429.0; 11.443; 15.29; -0.04847; 0.42347; 2.56443; -0.31632
432.0; 11.637; 15.61; -0.01174; 0.34329; 1.50937; -0.34037
435.0; 11.833; 16.08; 0.00250; 0.43615; 0.46950; -0.33014
438.0; 12.027; 16.48; -0.00002; 0.47660; -0.48684; -0.28711
441.0; 12.215; 16.85; -0.00343; 0.46544; -1.30331; -0.23471
444.0; 12.399; 17.23; -0.00483; 0.43485; -1.96697; -0.18537
447.0; 12.577; 17.66; -0.00484; 0.39811; -2.48927; -0.14272
450.0; 12.750; 18.15; -0.00450; 0.36029; -2.88905; -0.10689
453.0; 12.918; 18.68; -0.00429; 0.32305; -3.18656; -0.07733
456.0; 13.081; 19.25; -0.00426; 0.28718; -3.40081; -0.05333
459.0; 13.239; 19.85; -0.00432; 0.25337; -3.54837; -0.03413
462.0; 13.391; 20.47; -0.00439; 0.22220; -3.64306; -0.01891
465.0; 13.538; 21.10; -0.00443; 0.19401; -3.69599; -0.00686
468.0; 13.681; 21.75; -0.00441; 0.16893; -3.71574; 0.00280
471.0; 13.819; 22.40; -0.00435; 0.14703; -3.70855; 0.01073
474.0; 13.953; 23.05; -0.00425; 0.12835; -3.67902; 0.01729
477.0; 14.083; 23.70; -0.00412; 0.11290; -3.63139; 0.02233
480.0; 14.209; 24.34; -0.00400; 0.10032; -3.57073; 0.02558
483.0; 14.332; 24.98; -0.00389; 0.09028; -3.50250; 0.02709
486.0; 14.452; 25.61; -0.00380; 0.08301; -3.43152; 0.02722
489.0; 14.570; 26.22; -0.00379; 0.07923; -3.36152; 0.02639
492.0; 14.684; 26.82; -0.00389; 0.07932; -3.29496; 0.02507
495.0; 14.796; 27.41; -0.00411; 0.08053; -3.23332; 0.02350
498.0; 14.906; 27.98; -0.00437; 0.08091; -3.17762; 0.02165
501.0; 15.013; 28.53; -0.00463; 0.08124; -3.12875; 0.01951
504.0; 15.118; 29.08; -0.00487; 0.08159; -3.08759; 0.01707
507.0; 15.222; 29.61; -0.00511; 0.08195; -3.05501; 0.01435
510.0; 15.323; 30.13; -0.00535; 0.08232; -3.03179; 0.01138
513.0; 15.423; 30.64; -0.00558; 0.08268; -3.01858; 0.00824
516.0; 15.521; 31.14; -0.00580; 0.08304; -3.01572; 0.00503
519.0; 15.618; 31.63; -0.00602; 0.08340; -3.02334; 0.00177
522.0; 15.713; 32.11; -0.00624; 0.08377; -3.04153; -0.00150
525.0; 15.807; 32.58; -0.00645; 0.08413; -3.07032; -0.00479
528.0; 15.900; 33.04; -0.00675; 0.08928; -3.10949; -0.00782
531.0; 15.991; 33.48; -0.00730; 0.09892; -3.15815; -0.01016
534.0; 16.081; 33.91; -0.00804; 0.10445; -3.21500; -0.01191
537.0; 16.170; 34.33; -0.00875; 0.10890; -3.27877; -0.01327
540.0; 16.258; 34.73; -0.00962; 0.12372; -3.34776; -0.01374
543.0; 16.345; 35.09; -0.01108; 0.14765; -3.41919; -0.01248
546.0; 16.431; 35.43; -0.01327; 0.17380; -3.48921; -0.00910
549.0; 16.516; 35.73; -0.01589; 0.19252; -3.55356; -0.00392
552.0; 16.601; 35.99; -0.01836; 0.19622; -3.60868; 0.00204
555.0; 16.685; 36.10; -0.02049; 0.19381; -3.65271; 0.00796
558.0; 16.770; 36.00; -0.02228; 0.18439; -3.68547; 0.01338
561.0; 16.855; 35.64; -0.02343; 0.16251; -3.70815; 0.01753
564.0; 16.941; 35.05; -0.02333; 0.12872; -3.72307; 0.01949
567.0; 17.028; 34.27; -0.02141; 0.08668; -3.73339; 0.01843
570.0; 17.118; 33.41; -0.01749; 0.04471; -3.74298; 0.01394
573.0; 17.210; 32.51; -0.01310; 0.03956; -3.75585; 0.00783
576.0; 17.305; 31.59; -0.01075; 0.07974; -3.77390; 0.00395
579.0; 17.402; 30.74; -0.01194; 0.15404; -3.79334; 0.00613
582.0; 17.503; 29.99; -0.01654; 0.23420; -3.80341; 0.01623
585.0; 17.605; 29.36; -0.02329; 0.29289; -3.78950; 0.03335
588.0; 17.709; 28.80; -0.03068; 0.32295; -3.73820; 0.05491
591.0; 17.816; 28.28; -0.03753; 0.33218; -3.63968; 0.07851
594.0; 17.925; 27.78; -0.04320; 0.33418; -3.48702; 0.10286
597.0; 18.035; 27.30; -0.04776; 0.33744; -3.27483; 0.12768
600.0; 18.148; 26.84; -0.05148; 0.33677; -2.99938; 0.15219
603.0; 18.264; 26.38; -0.05436; 0.33803; -2.66111; 0.17426
606.0; 18.381; 25.92; -0.05701; 0.35066; -2.26821; 0.19180
609.0; 18.502; 25.50; -0.06063; 0.37798; -1.83682; 0.20444
612.0; 18.624; 25.20; -0.06508; 0.39340; -1.38684; 0.21170
615.0; 18.747; 25.01; -0.06953; 0.39688; -0.93992; 0.21211
618.0; 18.870; 24.85; -0.07385; 0.39995; -0.51867; 0.20555
621.0; 18.993; 24.69; -0.07860; 0.40795; -0.14271; 0.19383
624.0; 19.115; 24.52; -0.08446; 0.42127; 0.17392; 0.17895
627.0; 19.238; 24.38; -0.09157; 0.43172; 0.41978; 0.16090
630.0; 19.359; 24.36; -0.09792; 0.41490; 0.58143; 0.13646
633.0; 19.480; 24.39; -0.10163; 0.38902; 0.64080; 0.10195
636.0; 19.601; 24.41; -0.10241; 0.36505; 0.57656; 0.05750
639.0; 19.722; 24.43; -0.10026; 0.34026; 0.37391; 0.00886
642.0; 19.845; 24.44; -0.09475; 0.31178; 0.03929; -0.03517
645.0; 19.970; 24.45; -0.08508; 0.27683; -0.39549; -0.06903
648.0; 20.095; 24.45; -0.07015; 0.23321; -0.88416; -0.09246
651.0; 20.221; 24.53; -0.04944; 0.18574; -1.37808; -0.10742
654.0; 20.346; 24.76; -0.02871; 0.19324; -1.83738; -0.11294
657.0; 20.469; 25.04; -0.01955; 0.28041; -2.24109; -0.10248
660.0; 20.591; 25.28; -0.02083; 0.34056; -2.57845; -0.07814
663.0; 20.711; 25.49; -0.02490; 0.34529; -2.84180; -0.04900
666.0; 20.829; 25.69; -0.02702; 0.31484; -3.02742; -0.02115
669.0; 20.947; 25.93; -0.02558; 0.26578; -3.13552; 0.00238
672.0; 21.063; 26.25; -0.02108; 0.21027; -3.17135; 0.02021
675.0; 21.177; 26.66; -0.01559; 0.15921; -3.14619; 0.03246
678.0; 21.290; 27.14; -0.01098; 0.11668; -3.07567; 0.04018
681.0; 21.400; 27.67; -0.00772; 0.08473; -2.97509; 0.04473
684.0; 21.508; 28.23; -0.00570; 0.07051; -2.85523; 0.04797
687.0; 21.613; 28.78; -0.00488; 0.07732; -2.72046; 0.05210
690.0; 21.717; 29.31; -0.00491; 0.08009; -2.57032; 0.05760
693.0; 21.819; 29.83; -0.00432; 0.03152; -2.40598; 0.06094
696.0; 21.919; 30.35; -0.00188; -0.03808; -2.23472; 0.05903
699.0; 22.017; 30.85; 0.00162; -0.09087; -2.06736; 0.05243
702.0; 22.113; 31.34; 0.00474; -0.10784; -1.91273; 0.04414
705.0; 22.208; 31.81; 0.00660; -0.10349; -1.77450; 0.03677
708.0; 22.302; 32.24; 0.00801; -0.13446; -1.65417; 0.02901
711.0; 22.394; 32.61; 0.01065; -0.18382; -1.55494; 0.01856
714.0; 22.486; 32.92; 0.01468; -0.23104; -1.48164; 0.00497
717.0; 22.576; 33.17; 0.01958; -0.26566; -1.43918; -0.01097
720.0; 22.666; 33.37; 0.02473; -0.28713; -1.43123; -0.02809
723.0; 22.755; 33.52; 0.02970; -0.29941; -1.45976; -0.04545
726.0; 22.844; 33.64; 0.03431; -0.30575; -1.52511; -0.06223
729.0; 22.933; 33.73; 0.03843; -0.30718; -1.62489; -0.07703
732.0; 23.021; 33.80; 0.04193; -0.30385; -1.75138; -0.08761
735.0; 23.108; 33.86; 0.04462; -0.29638; -1.89067; -0.09199
738.0; 23.195; 33.91; 0.04635; -0.28609; -2.02519; -0.08921
741.0; 23.282; 33.95; 0.04706; -0.27465; -2.13631; -0.07895
744.0; 23.367; 34.00; 0.04683; -0.26379; -2.20538; -0.06130
747.0; 23.453; 34.06; 0.04584; -0.25507; -2.21557; -0.03772
750.0; 23.538; 34.12; 0.04440; -0.24958; -2.15660; -0.01187
753.0; 23.623; 34.19; 0.04283; -0.24769; -2.02833; 0.01235
756.0; 23.708; 34.27; 0.04143; -0.24869; -1.83800; 0.03300
759.0; 23.794; 34.35; 0.04037; -0.25077; -1.59516; 0.04974
762.0; 23.880; 34.44; 0.03965; -0.25159; -1.30946; 0.06278
765.0; 23.967; 34.54; 0.03908; -0.24908; -0.99036; 0.07242
768.0; 24.053; 34.64; 0.03835; -0.24194; -0.64749; 0.07888
771.0; 24.140; 34.75; 0.03713; -0.22977; -0.29117; 0.08235
774.0; 24.227; 34.89; 0.03519; -0.21282; 0.06783; 0.08312
777.0; 24.313; 35.05; 0.03239; -0.19180; 0.41902; 0.08155
780.0; 24.399; 35.24; 0.02882; -0.16802; 0.75294; 0.07799
783.0; 24.485; 35.48; 0.02475; -0.14366; 1.06193; 0.07293
786.0; 24.570; 35.76; 0.02066; -0.12216; 1.34161; 0.06712
789.0; 24.654; 36.07; 0.01706; -0.10809; 1.59125; 0.06099
792.0; 24.737; 36.41; 0.01443; -0.10593; 1.81178; 0.05412
795.0; 24.819; 36.75; 0.01308; -0.11640; 2.00305; 0.04556
798.0; 24.900; 37.08; 0.01300; -0.13280; 2.16279; 0.03462
801.0; 24.981; 37.41; 0.01361; -0.13619; 2.28772; 0.02195
804.0; 25.060; 37.73; 0.01397; -0.12557; 2.37571; 0.00918
807.0; 25.139; 38.04; 0.01338; -0.09453; 2.42768; -0.00170
810.0; 25.218; 38.34; 0.01141; -0.05433; 2.44785; -0.00937
813.0; 25.296; 38.64; 0.00846; -0.01855; 2.44256; -0.01372
816.0; 25.373; 38.94; 0.00532; 0.00603; 2.41900; -0.01546
819.0; 25.450; 39.23; 0.00257; 0.02036; 2.38407; -0.01545
822.0; 25.526; 39.52; 0.00047; 0.02748; 2.34356; -0.01438
825.0; 25.601; 39.80; -0.00101; 0.03006; 2.30195; -0.01266
828.0; 25.677; 40.07; -0.00195; 0.03001; 2.26249; -0.01056
831.0; 25.751; 40.34; -0.00249; 0.02849; 2.22748; -0.00823
834.0; 25.825; 40.61; -0.00274; 0.02619; 2.19855; -0.00575
837.0; 25.899; 40.87; -0.00280; 0.02348; 2.17678; -0.00318
840.0; 25.972; 41.12; -0.00271; 0.02054; 2.16276; -0.00065
843.0; 26.045; 41.37; -0.00253; 0.01743; 2.15653; 0.00172
846.0; 26.117; 41.62; -0.00229; 0.01416; 2.15773; 0.00387
849.0; 26.189; 41.86; -0.00199; 0.01070; 2.16583; 0.00578
852.0; 26.261; 42.10; -0.00166; 0.00702; 2.18025; 0.00744
855.0; 26.332; 42.33; -0.00129; 0.00311; 2.20031; 0.00884
858.0; 26.403; 42.56; -0.00088; -0.00105; 2.22531; 0.00995
861.0; 26.473; 42.79; -0.00044; -0.00541; 2.25452; 0.01078
864.0; 26.543; 43.01; 0.00004; -0.00986; 2.28714; 0.01131
867.0; 26.613; 43.23; 0.00054; -0.01421; 2.32237; 0.01155
870.0; 26.682; 43.44; 0.00104; -0.01822; 2.35940; 0.01151
873.0; 26.751; 43.66; 0.00154; -0.02152; 2.39747; 0.01123
876.0; 26.820; 43.86; 0.00199; -0.02372; 2.43584; 0.01077
879.0; 26.888; 44.07; 0.00235; -0.02434; 2.47388; 0.01020
882.0; 26.956; 44.22; 0.00262; -0.02384; 2.51112; 0.00960
885.0; 27.024; 44.24; 0.00280; -0.02259; 2.54728; 0.00904
888.0; 27.092; 44.09; 0.00291; -0.02013; 2.58232; 0.00857
891.0; 27.160; 43.75; 0.00290; -0.01597; 2.61636; 0.00829
894.0; 27.229; 43.20; 0.00273; -0.01022; 2.64973; 0.00831
897.0; 27.299; 42.48; 0.00235; -0.00344; 2.68290; 0.00872
900.0; 27.371; 41.63; 0.00176; 0.00325; 2.71646; 0.00955
903.0; 27.444; 40.73; 0.00101; 0.00894; 2.75109; 0.01079
906.0; 27.518; 39.82; 0.00029; 0.00746; 2.78737; 0.01212
909.0; 27.594; 38.90; -0.00006; 0.00144; 2.82558; 0.01312
912.0; 27.672; 37.96; -0.00007; -0.00070; 2.86580; 0.01381
915.0; 27.753; 37.00; -0.00002; -0.00048; 2.90804; 0.01441
918.0; 27.835; 36.04; 0.00000; -0.00006; 2.95217; 0.01500
921.0; 27.919; 35.05; 0.00000; 0.00004; 2.99806; 0.01557
924.0; 28.006; 34.04; 0.00000; 0.00002; 3.04560; 0.01610
927.0; 28.096; 33.02; -0.00000; 0.00000; 3.09469; 0.01660
930.0; 28.188; 31.97; -0.00000; -0.00000; 3.14521; 0.01706
933.0; 28.284; 30.90; 0.00000; -0.00000; 3.19705; 0.01748
936.0; 28.382; 29.80; 0.00000; -0.00000; 3.25012; 0.01787
939.0; 28.485; 28.66; 0.00000; -0.00000; 3.30428; 0.01822
942.0; 28.592; 27.49; 0.00000; -0.00000; 3.35946; 0.01854
945.0; 28.704; 26.29; 0.00000; -0.00000; 3.41569; 0.01896
948.0; 28.821; 25.03; 0.00008; -0.00397; 3.47359; 0.01965
951.0; 28.944; 23.75; 0.00056; -0.02109; 3.53387; 0.01996
954.0; 29.075; 22.43; 0.00161; -0.04807; 3.59532; 0.01869
957.0; 29.213; 21.11; 0.00295; -0.08405; 3.65201; 0.01415
960.0; 29.362; 19.79; 0.00421; -0.13047; 3.69093; 0.00412
963.0; 29.520; 18.50; 0.00501; -0.18913; 3.69159; -0.01285
966.0; 29.692; 17.25; 0.00511; -0.26035; 3.63171; -0.03500
969.0; 29.881; 16.06; 0.00435; -0.34205; 3.49614; -0.05859
972.0; 30.088; 14.95; 0.00278; -0.43059; 3.27706; -0.08246
975.0; 30.316; 13.96; 0.00078; -0.53133; 2.96400; -0.11006
978.0; 30.563; 13.05; -0.00117; -0.60443; 2.54214; -0.14257
981.0; 30.828; 12.20; -0.00558; -0.66015; 1.99402; -0.17996
984.0; 31.111; 11.36; -0.01484; -0.69200; 1.30830; -0.21159
987.0; 31.415; 10.38; -0.03302; -0.71530; 0.54461; -0.19768
990.0; 31.720; 10.14; -0.05410; -0.75914; -0.06564; -0.08261
993.0; 32.012; 9.92; -0.06043; -0.80124; -0.22560; 0.08866
996.0; 32.305; 10.40; -0.05831; -0.76273; 0.06610; 0.20952
999.0; 32.600; 10.84; -0.05042; -0.75084; 0.61336; 0.23867
1002.0; 32.892; 11.27; -0.04269; -0.72411; 1.21627; 0.22556
1005.0; 33.181; 11.74; -0.03590; -0.68502; 1.79838; 0.20311
1008.0; 33.459; 12.31; -0.02958; -0.62022; 2.32811; 0.17596
1011.0; 33.721; 13.01; -0.02297; -0.52844; 2.78085; 0.14570
1014.0; 33.962; 13.82; -0.01623; -0.42341; 3.14629; 0.11442
1017.0; 34.183; 14.71; -0.01030; -0.32022; 3.42235; 0.08310
1020.0; 34.386; 15.65; -0.00579; -0.22864; 3.61353; 0.05470
1023.0; 34.574; 16.60; -0.00277; -0.15422; 3.73644; 0.03399
1026.0; 34.752; 17.55; -0.00105; -0.10145; 3.81588; 0.02224
1029.0; 34.920; 18.48; -0.00028; -0.07665; 3.87125; 0.01568
1032.0; 35.080; 19.35; 0.00009; -0.07830; 3.90933; 0.00962
1035.0; 35.233; 20.18; 0.00056; -0.07825; 3.92987; 0.00322
1038.0; 35.379; 20.98; 0.00099; -0.07823; 3.93192; -0.00352
1041.0; 35.521; 21.74; 0.00139; -0.07830; 3.91426; -0.01070
1044.0; 35.657; 22.48; 0.00177; -0.07843; 3.87545; -0.01835
1047.0; 35.789; 23.19; 0.00211; -0.07779; 3.81402; -0.02648
1050.0; 35.916; 23.87; 0.00226; -0.06115; 3.73035; -0.03363
1053.0; 36.040; 24.53; 0.00200; -0.04021; 3.62774; -0.03895
1056.0; 36.161; 25.17; 0.00150; -0.02286; 3.51056; -0.04257
1059.0; 36.279; 25.80; 0.00098; -0.01067; 3.38302; -0.04483
1062.0; 36.394; 26.40; 0.00053; -0.00239; 3.24885; -0.04602
1065.0; 36.506; 27.00; 0.00018; 0.00305; 3.11111; -0.04643
1068.0; 36.616; 27.57; -0.00010; 0.00645; 2.97199; -0.04633
1071.0; 36.724; 28.13; -0.00030; 0.00842; 2.83294; -0.04591
1074.0; 36.830; 28.68; -0.00044; 0.00942; 2.69494; -0.04530
1077.0; 36.933; 29.22; -0.00053; 0.00979; 2.55860; -0.04458
1080.0; 37.035; 29.75; -0.00058; 0.00975; 2.42430; -0.04379
1083.0; 37.135; 30.26; -0.00062; 0.00949; 2.29226; -0.04297
1086.0; 37.234; 30.77; -0.00063; 0.00913; 2.16264; -0.04213
1089.0; 37.331; 31.26; -0.00063; 0.00874; 2.03553; -0.04129
1092.0; 37.426; 31.74; -0.00063; 0.00840; 1.91088; -0.04052
1095.0; 37.520; 32.22; -0.00063; 0.00814; 1.78831; -0.03995
1098.0; 37.612; 32.69; -0.00063; 0.00800; 1.66700; -0.03971
1101.0; 37.703; 33.14; -0.00063; 0.00803; 1.54587; -0.03984
1104.0; 37.793; 33.58; -0.00065; 0.00828; 1.42382; -0.04031
1107.0; 37.882; 34.01; -0.00068; 0.00877; 1.29980; -0.04111
1110.0; 37.970; 34.42; -0.00073; 0.00958; 1.17280; -0.04222
1113.0; 38.057; 34.82; -0.00080; 0.01077; 1.04189; -0.04360
1116.0; 38.142; 35.21; -0.00091; 0.01244; 0.90620; -0.04522
1119.0; 38.227; 35.59; -0.00106; 0.01470; 0.76496; -0.04703
1122.0; 38.311; 35.96; -0.00125; 0.01769; 0.61754; -0.04898
1125.0; 38.394; 36.32; -0.00151; 0.02155; 0.46341; -0.05102
1128.0; 38.476; 36.67; -0.00186; 0.02648; 0.30222; -0.05305
1131.0; 38.558; 37.01; -0.00229; 0.03264; 0.13383; -0.05500
1134.0; 38.639; 37.35; -0.00285; 0.04021; -0.04169; -0.05676
1137.0; 38.719; 37.67; -0.00354; 0.04935; -0.22401; -0.05822
1140.0; 38.798; 37.99; -0.00439; 0.06015; -0.41250; -0.05926
1143.0; 38.877; 38.30; -0.00542; 0.07258; -0.60626; -0.05976
1146.0; 38.955; 38.61; -0.00664; 0.08648; -0.80406; -0.05962
1149.0; 39.033; 38.90; -0.00805; 0.10149; -1.00442; -0.05875
1152.0; 39.110; 39.19; -0.00965; 0.11696; -1.20564; -0.05711
1155.0; 39.187; 39.48; -0.01140; 0.13200; -1.40594; -0.05470
1158.0; 39.263; 39.75; -0.01324; 0.14539; -1.60353; -0.05164
1161.0; 39.339; 40.02; -0.01508; 0.15567; -1.79682; -0.04808
1164.0; 39.414; 40.28; -0.01677; 0.16127; -1.98419; -0.04410
1167.0; 39.489; 40.54; -0.01813; 0.16059; -2.16361; -0.03968
1170.0; 39.563; 40.75; -0.01911; 0.15703; -2.33243; -0.03476
1173.0; 39.637; 40.84; -0.01998; 0.15576; -2.48808; -0.02915
1176.0; 39.711; 40.74; -0.02095; 0.15303; -2.62841; -0.02279
1179.0; 39.785; 40.44; -0.02187; 0.14209; -2.75172; -0.01602
1182.0; 39.860; 39.94; -0.02221; 0.12023; -2.85684; -0.00953
1185.0; 39.936; 39.27; -0.02136; 0.08601; -2.94316; -0.00415
1188.0; 40.014; 38.50; -0.01868; 0.03907; -3.01095; -0.00089
1191.0; 40.092; 37.66; -0.01415; -0.00526; -3.06161; -0.00015
1194.0; 40.173; 36.76; -0.00888; -0.03031; -3.09773; -0.00113
1197.0; 40.256; 35.80; -0.00430; -0.03416; -3.12228; -0.00231
1200.0; 40.340; 34.82; -0.00127; -0.02269; -3.13745; -0.00244
1203.0; 40.428; 33.81; 0.00001; -0.00505; -3.14448; -0.00113
1206.0; 40.517; 32.78; 0.00014; 0.00109; -3.14467; 0.00075
1209.0; 40.610; 31.73; 0.00003; 0.00095; -3.13978; 0.00225
1212.0; 40.706; 30.66; -0.00016; 0.00724; -3.13124; 0.00350
1215.0; 40.806; 29.57; -0.00072; 0.01922; -3.11962; 0.00510
1218.0; 40.909; 28.47; -0.00171; 0.03500; -3.10422; 0.00762
1221.0; 41.017; 27.36; -0.00304; 0.05363; -3.08274; 0.01154
1224.0; 41.129; 26.25; -0.00456; 0.07486; -3.05102; 0.01734
1227.0; 41.246; 25.15; -0.00614; 0.09904; -3.00290; 0.02560
1230.0; 41.368; 24.05; -0.00772; 0.12715; -2.92992; 0.03707
1233.0; 41.497; 22.98; -0.00925; 0.16034; -2.82100; 0.05256
1236.0; 41.631; 21.93; -0.01075; 0.19950; -2.66332; 0.07189
1239.0; 41.773; 20.93; -0.01225; 0.24480; -2.44726; 0.09268
1242.0; 41.923; 19.98; -0.01380; 0.29523; -2.17196; 0.11200
1245.0; 42.081; 19.10; -0.01550; 0.34807; -1.84399; 0.12871
1248.0; 42.247; 18.28; -0.01741; 0.39914; -1.47256; 0.14285
1251.0; 42.420; 17.54; -0.01954; 0.44458; -1.06767; 0.15446
1254.0; 42.600; 16.84; -0.02180; 0.48339; -0.63927; 0.16398
1257.0; 42.786; 16.20; -0.02411; 0.51792; -0.19418; 0.17273
1260.0; 42.977; 15.59; -0.02658; 0.55154; 0.26417; 0.18092
1263.0; 43.172; 15.03; -0.02969; 0.58574; 0.72702; 0.18552
1266.0; 43.369; 14.49; -0.03431; 0.62081; 1.17016; 0.18112
1269.0; 43.568; 13.97; -0.04208; 0.66247; 1.55222; 0.16296
1272.0; 43.765; 13.74; -0.04941; 0.66514; 1.82750; 0.12713
1275.0; 43.961; 13.54; -0.05620; 0.67239; 1.96610; 0.08269
1278.0; 44.157; 13.61; -0.05582; 0.60156; 1.97979; 0.04287
1281.0; 44.357; 13.65; -0.03994; 0.51895; 1.91450; 0.00874
1284.0; 44.557; 13.91; -0.00545; 0.41982; 1.82338; -0.02933
1287.0; 44.755; 14.33; 0.01108; 0.50374; 1.71222; -0.05723
1290.0; 44.949; 14.67; 0.00888; 0.55573; 1.56612; -0.06596
1293.0; 45.141; 14.97; 0.00438; 0.55283; 1.39175; -0.06935
1296.0; 45.331; 15.28; 0.00171; 0.52791; 1.19851; -0.06985
1299.0; 45.519; 15.62; 0.00084; 0.49349; 1.00395; -0.06474
1302.0; 45.705; 16.04; 0.00077; 0.45346; 0.83087; -0.05300
1305.0; 45.886; 16.51; 0.00064; 0.41014; 0.69992; -0.03529
1308.0; 46.063; 17.05; 0.00021; 0.36550; 0.62701; -0.01328
1311.0; 46.235; 17.64; -0.00043; 0.32119; 0.62008; 0.00943
1314.0; 46.401; 18.27; -0.00112; 0.27871; 0.67416; 0.02825
1317.0; 46.562; 18.93; -0.00174; 0.23926; 0.77314; 0.04064
1320.0; 46.716; 19.60; -0.00223; 0.20357; 0.89784; 0.04672
1323.0; 46.866; 20.29; -0.00256; 0.17193; 1.03132; 0.04749
1326.0; 47.010; 20.99; -0.00275; 0.14433; 1.15967; 0.04393
1329.0; 47.149; 21.69; -0.00282; 0.12061; 1.27170; 0.03689
1332.0; 47.284; 22.38; -0.00279; 0.10085; 1.35865; 0.02716
1335.0; 47.414; 23.07; -0.00271; 0.08585; 1.41394; 0.01552
1338.0; 47.541; 23.75; -0.00266; 0.07766; 1.43333; 0.00289
1341.0; 47.664; 24.40; -0.00275; 0.07824; 1.41522; -0.00965
1344.0; 47.785; 25.04; -0.00301; 0.07929; 1.35994; -0.02172
1347.0; 47.902; 25.66; -0.00331; 0.07960; 1.26866; -0.03323
1350.0; 48.017; 26.27; -0.00359; 0.07990; 1.14323; -0.04394
1353.0; 48.129; 26.86; -0.00386; 0.08022; 0.98636; -0.05358
1356.0; 48.239; 27.43; -0.00412; 0.08055; 0.80136; -0.06204
1359.0; 48.347; 27.99; -0.00438; 0.08089; 0.59173; -0.06929
1362.0; 48.453; 28.54; -0.00463; 0.08124; 0.36109; -0.07531
1365.0; 48.558; 29.08; -0.00488; 0.08160; 0.11310; -0.08010
1368.0; 48.660; 29.61; -0.00512; 0.08195; -0.14852; -0.08366
1371.0; 48.761; 30.13; -0.00535; 0.08231; -0.42003; -0.08600
1374.0; 48.861; 30.64; -0.00558; 0.08267; -0.69765; -0.08711
1377.0; 48.958; 31.13; -0.00580; 0.08304; -0.97761; -0.08700
1380.0; 49.055; 31.62; -0.00602; 0.08340; -1.25618; -0.08571
1383.0; 49.150; 32.10; -0.00624; 0.08376; -1.52997; -0.08345
1386.0; 49.243; 32.57; -0.00645; 0.08412; -1.79662; -0.08063
1389.0; 49.335; 33.03; -0.00673; 0.08889; -2.05484; -0.07737
1392.0; 49.426; 33.47; -0.00727; 0.09871; -2.30347; -0.07340
1395.0; 49.516; 33.90; -0.00801; 0.10427; -2.54111; -0.06878
1398.0; 49.604; 34.31; -0.00871; 0.10864; -2.76637; -0.06375
1401.0; 49.692; 34.71; -0.00938; 0.11276; -2.97798; -0.05837
1404.0; 49.778; 35.10; -0.01001; 0.11657; -3.17480; -0.05266
1407.0; 49.864; 35.48; -0.01063; 0.12003; -3.35581; -0.04665
1410.0; 49.948; 35.85; -0.01122; 0.12318; -3.52010; -0.04038
1413.0; 50.032; 36.21; -0.01179; 0.12608; -3.66682; -0.03386
1416.0; 50.115; 36.56; -0.01234; 0.12874; -3.79521; -0.02711
1419.0; 50.197; 36.90; -0.01288; 0.13120; -3.90455; -0.02016
1422.0; 50.278; 37.23; -0.01339; 0.13347; -3.99421; -0.01301
1425.0; 50.359; 37.55; -0.01390; 0.13557; -4.06356; -0.00568
1428.0; 50.439; 37.87; -0.01438; 0.13753; -4.11205; 0.00181
1431.0; 50.518; 38.17; -0.01486; 0.13934; -4.13915; 0.00947
1434.0; 50.597; 38.47; -0.01528; 0.13917; -4.14442; 0.01719
1437.0; 50.675; 38.77; -0.01555; 0.13577; -4.12768; 0.02477
1440.0; 50.752; 39.06; -0.01558; 0.13000; -4.08907; 0.03199
1443.0; 50.829; 39.34; -0.01535; 0.12307; -4.02908; 0.03875
1446.0; 50.906; 39.62; -0.01492; 0.11586; -3.94849; 0.04499
1449.0; 50.981; 39.89; -0.01434; 0.10888; -3.84832; 0.05074
1452.0; 51.057; 40.16; -0.01369; 0.10233; -3.72970; 0.05602
1455.0; 51.131; 40.42; -0.01301; 0.09625; -3.59386; 0.06083
1458.0; 51.206; 40.68; -0.01233; 0.09060; -3.44219; 0.06516
1461.0; 51.279; 40.93; -0.01168; 0.08531; -3.27624; 0.06897
1464.0; 51.353; 41.18; -0.01106; 0.08035; -3.09766; 0.07226
1467.0; 51.426; 41.43; -0.01046; 0.07567; -2.90807; 0.07506
1470.0; 51.498; 41.67; -0.00990; 0.07125; -2.70899; 0.07739
1473.0; 51.571; 41.91; -0.00937; 0.06709; -2.50192; 0.07928
1476.0; 51.642; 42.15; -0.00887; 0.06317; -2.28824; 0.08075
1479.0; 51.714; 42.38; -0.00839; 0.05948; -2.06929; 0.08181
1482.0; 51.785; 42.61; -0.00794; 0.05602; -1.84636; 0.08249
1485.0; 51.855; 42.83; -0.00752; 0.05279; -1.62065; 0.08281
1488.0; 51.925; 43.05; -0.00713; 0.04976; -1.39331; 0.08278
1491.0; 51.995; 43.27; -0.00675; 0.04694; -1.16545; 0.08242
1494.0; 52.065; 43.48; -0.00640; 0.04432; -0.93811; 0.08175
1497.0; 52.134; 43.70; -0.00607; 0.04188; -0.71228; 0.08079
1500.0; 52.202; 43.90; -0.00577; 0.03962; -0.48891; 0.07953
1503.0; 52.271; 44.11; -0.00548; 0.03752; -0.26890; 0.07801
1506.0; 52.339; 44.31; -0.00521; 0.03559; -0.05310; 0.07623
1509.0; 52.407; 44.51; -0.00497; 0.03381; 0.15767; 0.07420
1512.0; 52.474; 44.70; -0.00473; 0.03218; 0.36264; 0.07194
1515.0; 52.541; 44.90; -0.00452; 0.03069; 0.56107; 0.06946
1518.0; 52.608; 45.09; -0.00432; 0.02933; 0.75225; 0.06676
1521.0; 52.674; 45.28; -0.00414; 0.02811; 0.93552; 0.06386
1524.0; 52.740; 45.46; -0.00398; 0.02701; 1.11024; 0.06077
1527.0; 52.806; 45.64; -0.00383; 0.02603; 1.27582; 0.05751
1530.0; 52.872; 45.82; -0.00369; 0.02517; 1.43183; 0.05415
1533.0; 52.937; 46.00; -0.00357; 0.02443; 1.57802; 0.05074
1536.0; 53.002; 46.17; -0.00346; 0.02380; 1.71431; 0.04734
1539.0; 53.067; 46.35; -0.00337; 0.02329; 1.84069; 0.04395
1542.0; 53.131; 46.52; -0.00329; 0.02289; 1.95719; 0.04059
1545.0; 53.195; 46.68; -0.00323; 0.02261; 2.06387; 0.03726
1548.0; 53.259; 46.85; -0.00318; 0.02245; 2.16080; 0.03397
1551.0; 53.323; 47.01; -0.00315; 0.02241; 2.24807; 0.03073
1554.0; 53.387; 47.18; -0.00313; 0.02249; 2.32580; 0.02754
1557.0; 53.450; 47.34; -0.00312; 0.02270; 2.39413; 0.02442
1560.0; 53.513; 47.49; -0.00314; 0.02304; 2.45322; 0.02138
1563.0; 53.576; 47.65; -0.00317; 0.02353; 2.50325; 0.01840
1566.0; 53.638; 47.80; -0.00321; 0.02418; 2.54425; 0.01541
1569.0; 53.701; 47.95; -0.00328; 0.02499; 2.57600; 0.01230
1572.0; 53.763; 48.10; -0.00337; 0.02597; 2.59796; 0.00901
1575.0; 53.825; 48.25; -0.00348; 0.02715; 2.60946; 0.00550
1578.0; 53.887; 48.40; -0.00361; 0.02854; 2.60984; 0.00181
1581.0; 53.948; 48.54; -0.00377; 0.03016; 2.59847; -0.00208
1584.0; 54.010; 48.69; -0.00396; 0.03204; 2.57473; -0.00613
1587.0; 54.071; 48.83; -0.00419; 0.03419; 2.53805; -0.01034
1590.0; 54.132; 48.97; -0.00444; 0.03666; 2.48788; -0.01469
1593.0; 54.193; 49.10; -0.00474; 0.03948; 2.42374; -0.01915
1596.0; 54.254; 49.24; -0.00508; 0.04269; 2.34515; -0.02372
1599.0; 54.314; 49.37; -0.00548; 0.04632; 2.25175; -0.02834
1602.0; 54.374; 49.51; -0.00592; 0.05044; 2.14336; -0.03288
1605.0; 54.435; 49.64; -0.00643; 0.05509; 2.02029; -0.03716
1608.0; 54.495; 49.77; -0.00701; 0.06035; 1.88335; -0.04102
1611.0; 54.555; 49.90; -0.00767; 0.06628; 1.73362; -0.04441
1614.0; 54.615; 50.02; -0.00842; 0.07299; 1.57236; -0.04727
1617.0; 54.675; 50.15; -0.00927; 0.08055; 1.40090; -0.04955
1620.0; 54.734; 50.27; -0.01025; 0.08905; 1.22070; -0.05120
1623.0; 54.794; 50.39; -0.01135; 0.09855; 1.03334; -0.05217
1626.0; 54.853; 50.51; -0.01261; 0.10903; 0.84052; -0.05240
1629.0; 54.913; 50.63; -0.01404; 0.12038; 0.64408; -0.05184
1632.0; 54.972; 50.74; -0.01563; 0.13230; 0.44595; -0.05044
1635.0; 55.031; 50.86; -0.01740; 0.14427; 0.24816; -0.04819
1638.0; 55.090; 50.97; -0.01930; 0.15558; 0.05278; -0.04512
1641.0; 55.149; 51.07; -0.02130; 0.16540; -0.13815; -0.04129
1644.0; 55.208; 51.18; -0.02332; 0.17297; -0.32269; -0.03682
1647.0; 55.266; 51.28; -0.02526; 0.17776; -0.49904; -0.03186
1650.0; 55.325; 51.38; -0.02703; 0.17965; -0.66559; -0.02658
1653.0; 55.384; 51.48; -0.02855; 0.17899; -0.82097; -0.02114
1656.0; 55.442; 51.57; -0.02977; 0.17660; -0.96403; -0.01565
1659.0; 55.500; 51.66; -0.03066; 0.17368; -1.09381; -0.01020
1662.0; 55.558; 51.76; -0.03130; 0.17169; -1.20949; -0.00475
1665.0; 55.616; 51.85; -0.03179; 0.17202; -1.31034; 0.00079
1668.0; 55.674; 51.94; -0.03228; 0.17557; -1.39564; 0.00657
1671.0; 55.732; 52.02; -0.03293; 0.18222; -1.46463; 0.01278
1674.0; 55.790; 52.11; -0.03387; 0.19055; -1.51654; 0.01951
1677.0; 55.848; 52.18; -0.03514; 0.19987; -1.55076; 0.02674
1680.0; 55.905; 52.25; -0.03672; 0.20733; -1.56696; 0.03435
1683.0; 55.963; 52.30; -0.03845; 0.21058; -1.56501; 0.04211
1686.0; 56.020; 52.35; -0.04007; 0.20807; -1.54495; 0.04975
1689.0; 56.078; 52.38; -0.04146; 0.20400; -1.50695; 0.05705
1692.0; 56.135; 52.36; -0.04265; 0.20069; -1.45139; 0.06401
1695.0; 56.193; 52.29; -0.04376; 0.19841; -1.37881; 0.07067
1698.0; 56.250; 52.15; -0.04487; 0.19602; -1.28989; 0.07709
1701.0; 56.308; 51.94; -0.04597; 0.19182; -1.18542; 0.08322
1704.0; 56.366; 51.65; -0.04696; 0.18518; -1.06629; 0.08895
1707.0; 56.424; 51.30; -0.04771; 0.17591; -0.93337; 0.09414
1710.0; 56.483; 50.90; -0.04803; 0.16391; -0.78747; 0.09864
1713.0; 56.543; 50.46; -0.04768; 0.14819; -0.62928; 0.10228
1716.0; 56.603; 50.00; -0.04642; 0.12903; -0.45935; 0.10485
1719.0; 56.663; 49.53; -0.04424; 0.11199; -0.27825; 0.10628
1722.0; 56.724; 49.04; -0.04140; 0.09970; -0.08671; 0.10677
1725.0; 56.786; 48.53; -0.03825; 0.09257; 0.11434; 0.10662
1728.0; 56.848; 47.98; -0.03510; 0.08836; 0.32372; 0.10605
1731.0; 56.911; 47.41; -0.03206; 0.08058; 0.53992; 0.10503
1734.0; 56.975; 46.81; -0.02894; 0.06814; 0.76113; 0.10328
1737.0; 57.039; 46.18; -0.02566; 0.05665; 0.98536; 0.10069
1740.0; 57.105; 45.51; -0.02239; 0.04884; 1.21051; 0.09741
1743.0; 57.171; 44.82; -0.01938; 0.04525; 1.43439; 0.09365
1746.0; 57.239; 44.10; -0.01683; 0.04514; 1.65472; 0.08955
1749.0; 57.307; 43.36; -0.01482; 0.04723; 1.86883; 0.08504
1752.0; 57.377; 42.61; -0.01334; 0.05035; 2.07360; 0.07998
1755.0; 57.447; 41.84; -0.01233; 0.05369; 2.26581; 0.07434
1758.0; 57.519; 41.07; -0.01167; 0.05680; 2.44248; 0.06809
1761.0; 57.592; 40.28; -0.01128; 0.05956; 2.60093; 0.06124
1764.0; 57.667; 39.49; -0.01105; 0.06206; 2.73875; 0.05376
1767.0; 57.743; 38.68; -0.01094; 0.06447; 2.85372; 0.04565
1770.0; 57.820; 37.87; -0.01091; 0.06699; 2.94381; 0.03693
1773.0; 57.899; 37.06; -0.01093; 0.06982; 3.00714; 0.02763
1776.0; 57.980; 36.23; -0.01101; 0.07314; 3.04198; 0.01780
1779.0; 58.062; 35.40; -0.01114; 0.07708; 3.04684; 0.00755
1782.0; 58.146; 34.57; -0.01132; 0.08170; 3.02109; -0.00246
1785.0; 58.233; 33.72; -0.01157; 0.08704; 2.96740; -0.01051
1788.0; 58.322; 32.86; -0.01189; 0.09313; 2.89433; -0.01453
1791.0; 58.414; 32.00; -0.01225; 0.10005; 2.81563; -0.01331
1794.0; 58.509; 31.12; -0.01268; 0.10795; 2.74739; -0.00650
1797.0; 58.606; 30.24; -0.01316; 0.11699; 2.70651; 0.00598
1800.0; 58.708; 29.35; -0.01369; 0.12745; 2.70915; 0.02316
1803.0; 58.812; 28.46; -0.01430; 0.13972; 2.76534; 0.04193
1806.0; 58.919; 27.57; -0.01499; 0.15427; 2.87327; 0.05847
1809.0; 59.029; 26.70; -0.01579; 0.17164; 3.02172; 0.07085
1812.0; 59.142; 25.84; -0.01675; 0.19242; 3.19689; 0.07901
1815.0; 59.258; 25.02; -0.01791; 0.21699; 3.38599; 0.08347
1818.0; 59.376; 24.23; -0.01932; 0.24516; 3.57815; 0.08498
1821.0; 59.497; 23.48; -0.02103; 0.27566; 3.76537; 0.08462
1824.0; 59.621; 22.78; -0.02302; 0.30608; 3.94301; 0.08333
1827.0; 59.747; 22.12; -0.02522; 0.33358; 4.10832; 0.08131
1830.0; 59.875; 21.50; -0.02744; 0.35618; 4.25857; 0.07816
1833.0; 60.006; 20.91; -0.02945; 0.37379; 4.39038; 0.07337
1836.0; 60.140; 20.33; -0.03108; 0.38919; 4.50018; 0.06678
1839.0; 60.275; 19.77; -0.03238; 0.40724; 4.58500; 0.05871
1842.0; 60.413; 19.23; -0.03366; 0.42589; 4.64181; 0.04907
1845.0; 60.553; 18.71; -0.03500; 0.44272; 4.66569; 0.03684
1848.0; 60.695; 18.20; -0.03628; 0.45892; 4.64891; 0.02077
1851.0; 60.840; 17.69; -0.03748; 0.47417; 4.58146; -0.00003
1854.0; 60.987; 17.19; -0.03859; 0.48972; 4.45259; -0.02491
1857.0; 61.139; 16.70; -0.03968; 0.51320; 4.25642; -0.04932
1860.0; 61.297; 16.23; -0.04179; 0.54589; 3.99939; -0.06599
1863.0; 61.461; 15.86; -0.04503; 0.56957; 3.70184; -0.07133
1866.0; 61.632; 15.58; -0.04852; 0.58041; 3.38933; -0.06730
1869.0; 61.808; 15.35; -0.05145; 0.58398; 3.08357; -0.05738
1872.0; 61.988; 15.14; -0.05332; 0.58424; 2.80000; -0.04446
1875.0; 62.172; 14.94; -0.05428; 0.58720; 2.54811; -0.03040
1878.0; 62.359; 14.72; -0.05465; 0.59219; 2.33241; -0.01640
1881.0; 62.549; 14.51; -0.05464; 0.59876; 2.15308; -0.00364
1884.0; 62.742; 14.28; -0.05447; 0.60674; 2.00644; 0.00693
1887.0; 62.939; 14.06; -0.05433; 0.61624; 1.88595; 0.01480
1890.0; 63.138; 13.93; -0.05099; 0.59216; 1.78443; 0.01726
1893.0; 63.338; 13.98; -0.03475; 0.50141; 1.69836; 0.00709
1896.0; 63.537; 14.28; -0.00259; 0.42301; 1.62844; -0.02144
1899.0; 63.732; 14.65; 0.00925; 0.52165; 1.55319; -0.03862
1902.0; 63.924; 14.93; 0.00554; 0.57277; 1.46808; -0.03478
1905.0; 64.115; 15.04; -0.00083; 0.59007; 1.39321; -0.02128
1908.0; 64.306; 15.02; -0.00643; 0.59412; 1.34605; -0.00370
1911.0; 64.498; 14.90; -0.01047; 0.59553; 1.33768; 0.01507
1914.0; 64.692; 14.72; -0.01318; 0.60011; 1.37329; 0.03344
1917.0; 64.887; 14.53; -0.01406; 0.59652; 1.45245; 0.04881
1920.0; 65.084; 14.35; -0.01264; 0.59265; 1.56757; 0.05817
1923.0; 65.281; 14.26; -0.00810; 0.57384; 1.70324; 0.05745
1926.0; 65.475; 14.43; -0.00011; 0.53709; 1.83214; 0.04061
1929.0; 65.664; 14.70; 0.00434; 0.54514; 1.91535; 0.01383
1932.0; 65.850; 14.94; 0.00318; 0.56237; 1.92995; -0.01017
1935.0; 66.034; 15.17; 0.00015; 0.56208; 1.88172; -0.02666
1938.0; 66.217; 15.38; -0.00230; 0.55130; 1.78816; -0.03721
1941.0; 66.399; 15.60; -0.00376; 0.53833; 1.66307; -0.04516
1944.0; 66.580; 15.84; -0.00457; 0.52416; 1.51162; -0.05325
1947.0; 66.759; 16.10; -0.00483; 0.50231; 1.33348; -0.06121
1950.0; 66.937; 16.43; -0.00406; 0.46202; 1.13568; -0.06432
1953.0; 67.114; 16.88; -0.00222; 0.39451; 0.94180; -0.05863
1956.0; 67.286; 17.49; -0.00070; 0.29765; 0.77842; -0.04584
1959.0; 67.453; 18.28; -0.00059; 0.16848; 0.65763; -0.03080
1962.0; 67.617; 18.45; -0.00146; -0.00195; 0.57511; -0.01865
1965.0; 67.784; 17.72; -0.00034; -0.20626; 0.51643; -0.01607
1968.0; 67.960; 16.65; 0.00341; -0.37187; 0.45970; -0.02311
1971.0; 68.147; 15.78; 0.00668; -0.47829; 0.38724; -0.03278
1974.0; 68.344; 15.07; 0.01018; -0.55487; 0.30251; -0.03723
1977.0; 68.549; 14.44; 0.01441; -0.60199; 0.23369; -0.02972
1980.0; 68.764; 13.84; 0.01860; -0.63226; 0.22185; -0.00912
1983.0; 68.989; 13.22; 0.02206; -0.65749; 0.29235; 0.01356
1986.0; 69.226; 12.58; 0.02472; -0.68524; 0.42245; 0.02066
1989.0; 69.478; 11.88; 0.02740; -0.72199; 0.54569; 0.00334
1992.0; 69.747; 11.11; 0.03359; -0.78268; 0.59144; -0.03721
1995.0; 70.030; 10.78; 0.03938; -0.80693; 0.51134; -0.08572
1998.0; 70.316; 10.90; 0.03107; -0.69632; 0.32474; -0.10038
2001.0; 70.591; 11.30; -0.01987; -0.51546; 0.11684; -0.03822
2004.0; 70.852; 11.84; -0.03543; -0.62872; 0.02974; 0.03892
2007.0; 71.102; 12.27; -0.03024; -0.65637; 0.13313; 0.09299
2010.0; 71.347; 12.68; -0.02454; -0.63464; 0.40118; 0.13375
2013.0; 71.589; 13.14; -0.02029; -0.58954; 0.78975; 0.15431
2016.0; 71.823; 13.70; -0.01668; -0.52374; 1.21364; 0.14547
2019.0; 72.046; 14.37; -0.01289; -0.44277; 1.57964; 0.11394
2022.0; 72.254; 15.13; -0.00897; -0.35551; 1.84411; 0.07742
2025.0; 72.451; 15.96; -0.00547; -0.27017; 2.01667; 0.04906
2028.0; 72.637; 16.85; -0.00277; -0.19332; 2.12763; 0.03135
2031.0; 72.812; 17.75; -0.00101; -0.13074; 2.20220; 0.02084
2034.0; 72.978; 18.64; -0.00009; -0.08917; 2.25284; 0.01304
2037.0; 73.136; 19.51; 0.00030; -0.07675; 2.27932; 0.00378
2040.0; 73.286; 20.33; 0.00064; -0.07818; 2.27523; -0.00767
2043.0; 73.431; 21.11; 0.00106; -0.07824; 2.23681; -0.01966
2046.0; 73.570; 21.87; 0.00146; -0.07831; 2.16412; -0.03130
2049.0; 73.705; 22.59; 0.00183; -0.07845; 2.05825; -0.04253
2052.0; 73.836; 23.29; 0.00217; -0.07864; 1.92026; -0.05339
2055.0; 73.963; 23.97; 0.00250; -0.07887; 1.75115; -0.06391
2058.0; 74.087; 24.63; 0.00282; -0.07912; 1.55181; -0.07411
2061.0; 74.208; 25.27; 0.00312; -0.07940; 1.32305; -0.08403
2064.0; 74.325; 25.89; 0.00329; -0.07056; 1.06651; -0.09295
2067.0; 74.440; 26.50; 0.00305; -0.04990; 0.78612; -0.09965
2070.0; 74.553; 27.09; 0.00227; -0.02032; 0.48860; -0.10315
2073.0; 74.663; 27.67; 0.00097; 0.01478; 0.18299; -0.10284
2076.0; 74.771; 28.23; -0.00075; 0.05137; -0.12033; -0.09859
2079.0; 74.877; 28.78; -0.00272; 0.08441; -0.41091; -0.09075
2082.0; 74.981; 29.17; -0.00490; 0.11300; -0.67940; -0.07986
2085.0; 75.084; 29.20; -0.00746; 0.13770; -0.91821; -0.06632
2088.0; 75.187; 28.80; -0.01024; 0.14706; -1.12184; -0.05114
2091.0; 75.293; 28.02; -0.01228; 0.13122; -1.28750; -0.03631
2094.0; 75.402; 27.01; -0.01196; 0.08313; -1.41584; -0.02483
2097.0; 75.516; 25.90; -0.00882; 0.02746; -1.51201; -0.01876
2100.0; 75.634; 24.67; -0.00470; -0.00617; -1.58547; -0.01725
2103.0; 75.759; 23.35; -0.00159; -0.01434; -1.64665; -0.01777
2106.0; 75.892; 21.96; -0.00023; -0.00346; -1.70238; -0.01786
2109.0; 76.033; 20.49; -0.00001; -0.00014; -1.75715; -0.01897
2112.0; 76.186; 18.97; -0.00045; 0.03991; -1.81719; -0.02186
2115.0; 76.353; 17.46; -0.00126; 0.12348; -1.88733; -0.02444
2118.0; 76.536; 16.05; -0.00099; 0.24738; -1.95670; -0.02010
2121.0; 76.737; 14.83; 0.00073; 0.38938; -1.98901; -0.00152
2124.0; 76.957; 13.81; 0.00278; 0.52116; -1.93135; 0.03440
2127.0; 77.194; 12.95; 0.00451; 0.61883; -1.73140; 0.08433
2130.0; 77.449; 12.17; 0.00701; 0.67298; -1.36114; 0.13317
2133.0; 77.723; 11.39; 0.01421; 0.69736; -0.86119; 0.14823
2136.0; 78.006; 11.15; 0.03135; 0.69807; -0.38685; 0.08934
2139.0; 78.286; 10.93; 0.03912; 0.73980; -0.15434; -0.01068
2142.0; 78.558; 11.37; 0.04045; 0.69735; -0.19453; -0.08654
2145.0; 78.823; 11.80; 0.03532; 0.67925; -0.38265; -0.10212
2148.0; 79.077; 12.36; 0.02908; 0.60333; -0.58398; -0.08838
2151.0; 79.319; 13.14; 0.02101; 0.46097; -0.77687; -0.08244
2154.0; 79.544; 14.13; 0.01123; 0.28017; -1.00590; -0.09203
2157.0; 79.753; 15.25; 0.00345; 0.11061; -1.29889; -0.10712
2160.0; 79.945; 16.32; -0.00024; -0.00245; -1.63432; -0.11159
2163.0; 80.121; 17.28; -0.00180; -0.10146; -1.95882; -0.09983
2166.0; 80.286; 18.01; -0.00196; -0.22795; -2.22968; -0.08011
2169.0; 80.442; 18.54; 0.00042; -0.34175; -2.43584; -0.06228
2172.0; 80.593; 18.91; 0.00510; -0.41209; -2.58551; -0.04925
2175.0; 80.740; 19.20; 0.01041; -0.43599; -2.68431; -0.03631
2178.0; 80.884; 19.44; 0.01441; -0.42869; -2.72566; -0.01728
2181.0; 81.025; 19.68; 0.01611; -0.40493; -2.69376; 0.01085
2184.0; 81.165; 19.96; 0.01564; -0.37453; -2.57199; 0.04538
2187.0; 81.304; 20.28; 0.01387; -0.34265; -2.35485; 0.07876
2190.0; 81.444; 20.66; 0.01182; -0.31109; -2.05378; 0.10460
2193.0; 81.584; 21.09; 0.01007; -0.27925; -1.69115; 0.12105
2196.0; 81.722; 21.58; 0.00872; -0.24637; -1.29208; 0.12871
2199.0; 81.859; 22.12; 0.00765; -0.21282; -0.88115; 0.12867
2202.0; 81.994; 22.69; 0.00673; -0.17963; -0.48000; 0.12295
2205.0; 82.125; 23.29; 0.00591; -0.14792; -0.10207; 0.11497
2208.0; 82.253; 23.91; 0.00513; -0.11895; 0.25018; 0.10767
2211.0; 82.378; 24.55; 0.00441; -0.09480; 0.58027; 0.10174
2214.0; 82.499; 25.18; 0.00383; -0.07926; 0.89126; 0.09626
2217.0; 82.618; 25.81; 0.00355; -0.07643; 1.18287; 0.08979
2220.0; 82.733; 26.41; 0.00364; -0.07990; 1.45190; 0.08163
2223.0; 82.846; 27.00; 0.00392; -0.08038; 1.69506; 0.07249
2226.0; 82.956; 27.58; 0.00419; -0.08065; 1.91107; 0.06320
2229.0; 83.064; 28.14; 0.00445; -0.08098; 2.10007; 0.05405
2232.0; 83.170; 28.69; 0.00470; -0.08133; 2.26254; 0.04507
2235.0; 83.273; 29.22; 0.00494; -0.08169; 2.39899; 0.03625
2238.0; 83.375; 29.75; 0.00518; -0.08205; 2.50988; 0.02757
2241.0; 83.475; 30.26; 0.00541; -0.08240; 2.59564; 0.01904
2244.0; 83.573; 30.76; 0.00563; -0.08276; 2.65669; 0.01064
2247.0; 83.670; 31.25; 0.00585; -0.08312; 2.69340; 0.00237
2250.0; 83.765; 31.73; 0.00587; -0.07194; 2.70682; -0.00509
2253.0; 83.859; 32.21; 0.00535; -0.05236; 2.69955; -0.01087
2256.0; 83.952; 32.67; 0.00436; -0.03347; 2.67544; -0.01476
2259.0; 84.043; 33.13; 0.00323; -0.02006; 2.63872; -0.01716
2262.0; 84.133; 33.56; 0.00226; -0.01189; 2.59309; -0.01862
2265.0; 84.222; 33.99; 0.00153; -0.00722; 2.54141; -0.01953
2268.0; 84.309; 34.40; 0.00102; -0.00465; 2.48564; -0.02013
2271.0; 84.396; 34.81; 0.00069; -0.00329; 2.42709; -0.02057
2274.0; 84.482; 35.20; 0.00048; -0.00261; 2.36659; -0.02092
2277.0; 84.567; 35.58; 0.00036; -0.00228; 2.30462; -0.02122
2280.0; 84.651; 35.95; 0.00029; -0.00214; 2.24151; -0.02149
2283.0; 84.734; 36.31; 0.00025; -0.00210; 2.17743; -0.02175
2286.0; 84.816; 36.66; 0.00022; -0.00210; 2.11249; -0.02200
2289.0; 84.897; 37.00; 0.00022; -0.00213; 2.04677; -0.02225
2292.0; 84.978; 37.33; 0.00021; -0.00217; 1.98031; -0.02248
2295.0; 85.058; 37.66; 0.00022; -0.00223; 1.91314; -0.02272
2298.0; 85.137; 37.98; 0.00022; -0.00230; 1.84529; -0.02295
2301.0; 85.216; 38.29; 0.00023; -0.00237; 1.77677; -0.02318
2304.0; 85.294; 38.60; 0.00024; -0.00246; 1.70759; -0.02340
2307.0; 85.372; 38.90; 0.00025; -0.00256; 1.63776; -0.02363
2310.0; 85.448; 39.19; 0.00026; -0.00267; 1.56729; -0.02385
2313.0; 85.525; 39.48; 0.00027; -0.00280; 1.49618; -0.02408
2316.0; 85.600; 39.76; 0.00029; -0.00294; 1.42443; -0.02431
2319.0; 85.676; 40.03; 0.00031; -0.00309; 1.35204; -0.02454
2322.0; 85.750; 40.30; 0.00032; -0.00326; 1.27901; -0.02477
2325.0; 85.825; 40.57; 0.00034; -0.00344; 1.20532; -0.02501
2328.0; 85.898; 40.83; 0.00037; -0.00364; 1.13098; -0.02525
