# s_m; t_s; f_x_fl_N; f_y_fl_N; f_z_fl_N; f_x_fr_N; f_y_fr_N; f_z_fr_N;f_x_rl_N; f_y_rl_N; f_z_rl_N; f_x_rr_N;f_y_rr_N; f_z_rr_N;
0.0; 0.000; -35.7; -38.2; 2873.2; -35.7; -37.8; 2834.8; 2775.8; -43.0; 4051.4; 2775.8; -42.6; 4013.0
3.0; 0.073; -35.7; -40.6; 2882.3; -35.7; -40.1; 2841.5; 2758.3; -45.7; 4057.3; 2758.3; -45.3; 4016.5
6.0; 0.146; -35.7; -43.3; 2891.4; -35.7; -42.7; 2848.0; 2741.3; -48.6; 4063.2; 2741.3; -48.2; 4019.8
9.0; 0.218; -35.7; -46.1; 2900.5; -35.7; -45.5; 2854.3; 2724.8; -51.8; 4069.2; 2724.8; -51.3; 4023.0
12.0; 0.290; -35.7; -49.2; 2909.6; -35.7; -48.5; 2860.3; 2708.7; -55.2; 4075.3; 2708.7; -54.7; 4026.0
15.0; 0.362; -35.7; -52.6; 2918.6; -35.7; -51.7; 2866.0; 2693.2; -59.0; 4081.6; 2693.2; -58.3; 4029.0
18.0; 0.433; -35.7; -56.2; 2927.7; -35.7; -55.2; 2871.5; 2678.0; -63.0; 4087.9; 2678.0; -62.3; 4031.7
21.0; 0.504; -35.7; -60.1; 2936.9; -35.7; -59.0; 2876.8; 2663.3; -67.3; 4094.4; 2663.3; -66.5; 4034.3
24.0; 0.574; -35.7; -64.3; 2946.0; -35.7; -63.1; 2881.8; 2649.0; -72.1; 4101.0; 2649.0; -71.1; 4036.7
27.0; 0.644; -35.7; -68.9; 2955.3; -35.7; -67.5; 2886.5; 2635.0; -77.1; 4107.7; 2635.0; -76.1; 4039.0
30.0; 0.714; -35.7; -73.9; 2964.6; -35.7; -72.2; 2890.9; 2621.4; -82.6; 4114.6; 2621.4; -81.4; 4041.0
33.0; 0.783; -35.7; -79.2; 2974.0; -35.7; -77.3; 2895.1; 2608.2; -88.6; 4121.7; 2608.2; -87.2; 4042.8
36.0; 0.852; -35.7; -85.0; 2983.5; -35.7; -82.8; 2898.9; 2595.3; -95.0; 4129.0; 2595.3; -93.4; 4044.4
39.0; 0.921; -35.7; -91.2; 2993.1; -35.7; -88.8; 2902.4; 2582.7; -101.9; 4136.4; 2582.7; -100.1; 4045.7
42.0; 0.989; -35.7; -98.0; 3002.9; -35.7; -95.1; 2905.6; 2570.4; -109.4; 4144.1; 2570.4; -107.3; 4046.8
45.0; 1.057; -35.7; -105.2; 3012.9; -35.7; -102.0; 2908.5; 2558.4; -117.5; 4152.0; 2558.4; -115.0; 4047.6
48.0; 1.125; -35.7; -113.1; 3023.0; -35.7; -109.4; 2910.9; 2546.7; -126.2; 4160.2; 2546.7; -123.4; 4048.1
51.0; 1.192; -35.7; -121.6; 3033.4; -35.7; -117.4; 2913.0; 2535.3; -135.6; 4168.6; 2535.3; -132.4; 4048.3
54.0; 1.259; -35.7; -130.9; 3044.0; -35.7; -125.9; 2914.7; 2524.2; -145.8; 4177.4; 2524.2; -142.0; 4048.1
57.0; 1.326; -35.7; -140.8; 3054.9; -35.7; -135.1; 2916.0; 2513.2; -156.8; 4186.5; 2513.2; -152.5; 4047.5
60.0; 1.393; -35.7; -151.6; 3066.1; -35.7; -145.1; 2916.7; 2502.6; -168.7; 4195.9; 2502.6; -163.7; 4046.5
63.0; 1.459; -35.7; -163.3; 3077.7; -35.7; -155.7; 2917.0; 2492.2; -181.6; 4205.7; 2492.2; -175.8; 4045.1
66.0; 1.525; -35.7; -175.9; 3089.6; -35.7; -167.2; 2916.8; 2482.0; -195.5; 4216.0; 2482.0; -188.9; 4043.2
69.0; 1.591; -35.7; -189.7; 3101.9; -35.7; -179.6; 2916.0; 2472.0; -210.6; 4226.7; 2472.0; -202.9; 4040.8
72.0; 1.656; -35.7; -204.5; 3114.7; -35.7; -192.9; 2914.6; 2462.2; -226.9; 4237.9; 2462.2; -218.0; 4037.9
75.0; 1.721; -35.7; -220.7; 3128.0; -35.7; -207.2; 2912.6; 2452.6; -244.6; 4249.6; 2452.6; -234.3; 4034.3
78.0; 1.786; -35.7; -238.2; 3141.8; -35.7; -222.6; 2909.9; 2443.3; -263.8; 4262.0; 2443.3; -251.9; 4030.1
81.0; 1.851; -35.7; -257.2; 3156.2; -35.7; -239.1; 2906.5; 2434.1; -284.6; 4275.0; 2434.1; -270.8; 4025.2
84.0; 1.915; -35.7; -277.9; 3171.3; -35.7; -256.9; 2902.2; 2425.1; -307.2; 4288.7; 2425.1; -291.1; 4019.6
87.0; 1.979; -35.7; -300.3; 3187.1; -35.7; -276.1; 2897.2; 2416.3; -331.6; 4303.1; 2416.3; -313.0; 4013.1
90.0; 2.043; -35.7; -324.7; 3203.7; -35.7; -296.6; 2891.2; 2407.7; -358.2; 4318.4; 2407.7; -336.6; 4005.8
93.0; 2.107; -35.7; -351.3; 3221.2; -35.7; -318.7; 2884.2; 2399.3; -387.1; 4334.5; 2399.3; -362.0; 3997.5
96.0; 2.171; -35.7; -380.3; 3239.6; -35.7; -342.4; 2876.2; 2391.0; -418.4; 4351.6; 2391.0; -389.3; 3988.2
99.0; 2.234; -35.7; -411.7; 3259.0; -35.7; -367.7; 2867.0; 2382.9; -452.5; 4369.8; 2382.9; -418.7; 3977.8
102.0; 2.297; -35.7; -446.0; 3279.5; -35.7; -394.9; 2856.6; 2374.9; -489.5; 4389.1; 2374.9; -450.2; 3966.2
105.0; 2.360; -35.7; -483.4; 3301.1; -35.7; -424.0; 2844.9; 2367.1; -529.7; 4409.6; 2367.1; -484.0; 3953.4
108.0; 2.422; -35.7; -524.1; 3324.1; -35.7; -455.0; 2831.8; 2359.5; -573.4; 4431.4; 2359.5; -520.3; 3939.2
111.0; 2.485; -35.7; -568.4; 3348.4; -35.7; -488.2; 2817.3; 2352.0; -621.0; 4454.6; 2352.0; -559.1; 3923.5
114.0; 2.547; -35.7; -616.8; 3374.2; -35.7; -523.5; 2801.1; 2344.6; -672.6; 4479.4; 2344.6; -600.7; 3906.2
117.0; 2.609; -35.7; -669.6; 3401.7; -35.7; -561.0; 2783.2; 2337.4; -728.8; 4505.8; 2337.4; -645.1; 3887.3
120.0; 2.671; -35.7; -727.2; 3430.9; -35.7; -601.0; 2763.4; 2330.3; -789.9; 4533.9; 2330.3; -692.6; 3866.5
123.0; 2.732; -35.7; -790.3; 3462.0; -35.7; -643.4; 2741.6; 2323.4; -856.6; 4564.1; 2323.4; -743.3; 3843.7
126.0; 2.794; -35.7; -859.3; 3495.1; -35.7; -688.4; 2717.6; 2316.6; -929.2; 4596.2; 2316.6; -797.3; 3818.7
129.0; 2.855; -35.7; -934.7; 3530.5; -35.7; -735.9; 2691.3; 2309.9; -1008.3; 4630.7; 2309.9; -854.8; 3791.5
132.0; 2.916; -35.7; -1017.0; 3568.1; -35.7; -785.8; 2662.6; 2303.3; -1094.5; 4667.4; 2303.3; -915.9; 3761.9
135.0; 2.976; -35.7; -1106.3; 3608.1; -35.7; -837.8; 2631.6; 2296.9; -1187.8; 4706.4; 2296.9; -980.2; 3729.9
138.0; 3.037; -35.7; -1202.2; 3650.0; -35.7; -891.1; 2598.3; 2290.6; -1288.2; 4747.5; 2290.6; -1047.4; 3695.8
141.0; 3.097; -35.7; -1303.6; 3693.6; -35.7; -944.9; 2563.3; 2284.5; -1394.7; 4790.2; 2284.5; -1116.6; 3659.9
144.0; 3.157; -35.7; -1408.4; 3738.0; -35.7; -997.7; 2527.4; 2278.4; -1505.6; 4833.8; 2278.4; -1186.4; 3623.2
147.0; 3.217; -35.7; -1513.6; 3782.2; -35.7; -1047.9; 2491.6; 2272.5; -1618.2; 4877.1; 2272.5; -1255.1; 3586.6
150.0; 3.277; -35.7; -1615.2; 3824.7; -35.7; -1093.8; 2457.3; 2266.7; -1728.6; 4918.9; 2266.7; -1320.4; 3551.5
153.0; 3.337; -35.7; -1708.9; 3864.0; -35.7; -1133.9; 2426.1; 2261.1; -1832.3; 4957.4; 2261.1; -1380.1; 3519.5
156.0; 3.397; -35.7; -1790.3; 3898.7; -35.7; -1167.1; 2399.4; 2255.5; -1924.7; 4991.4; 2255.5; -1432.0; 3492.1
159.0; 3.456; -35.7; -1855.8; 3927.6; -35.7; -1192.7; 2378.4; 2250.1; -2001.3; 5019.6; 2250.1; -1474.4; 3470.3
162.0; 3.515; -35.7; -1903.1; 3949.8; -35.7; -1210.5; 2363.9; 2244.7; -2059.0; 5041.1; 2244.7; -1505.9; 3455.2
165.0; 3.574; -35.7; -1931.2; 3965.0; -35.7; -1220.8; 2356.4; 2239.5; -2095.8; 5055.6; 2239.5; -1526.0; 3447.0
168.0; 3.633; -35.7; -1941.0; 3973.3; -35.7; -1224.5; 2355.7; 2234.3; -2111.5; 5063.2; 2234.3; -1534.9; 3445.6
171.0; 3.692; -35.7; -1934.0; 3975.4; -35.7; -1222.1; 2361.2; 2229.2; -2107.8; 5064.6; 2229.2; -1533.6; 3450.4
174.0; 3.751; -35.7; -1912.9; 3972.1; -35.7; -1214.6; 2372.0; 2224.2; -2087.2; 5060.7; 2224.2; -1523.3; 3460.6
177.0; 3.810; -35.7; -1881.2; 3964.6; -35.7; -1203.2; 2386.9; 2219.3; -2053.6; 5052.6; 2219.3; -1505.9; 3474.9
180.0; 3.868; -35.7; -1842.3; 3954.3; -35.7; -1188.9; 2404.6; 2214.4; -2011.0; 5041.6; 2214.4; -1483.4; 3491.9
183.0; 3.927; -35.7; -1799.9; 3942.4; -35.7; -1173.0; 2423.8; 2209.5; -1963.9; 5029.1; 2209.5; -1458.1; 3510.5
186.0; 3.985; -35.7; -1757.1; 3930.2; -35.7; -1156.4; 2443.3; 2204.7; -1915.9; 5016.3; 2204.7; -1431.9; 3529.4
189.0; 4.043; -35.7; -1716.8; 3918.7; -35.7; -1140.6; 2462.0; 2200.0; -1870.4; 5004.3; 2200.0; -1406.8; 3547.5
192.0; 4.101; -35.7; -1681.4; 3909.0; -35.7; -1126.5; 2478.9; 2195.3; -1829.9; 4993.9; 2195.3; -1384.1; 3563.9
195.0; 4.159; -35.7; -1653.1; 3901.7; -35.7; -1115.1; 2493.4; 2190.7; -1796.8; 4986.1; 2190.7; -1365.3; 3577.8
198.0; 4.217; -35.7; -1633.6; 3897.5; -35.7; -1107.5; 2504.6; 2186.2; -1772.7; 4981.3; 2186.2; -1351.5; 3588.5
201.0; 4.274; -35.7; -1624.2; 3897.0; -35.7; -1104.3; 2512.2; 2181.7; -1759.1; 4980.3; 2181.7; -1343.7; 3595.5
204.0; 4.332; -35.7; -1626.4; 3900.6; -35.7; -1106.2; 2515.5; 2177.2; -1757.2; 4983.3; 2177.2; -1342.6; 3598.3
207.0; 4.389; -35.7; -1640.7; 3908.7; -35.7; -1113.6; 2514.4; 2172.9; -1768.2; 4990.9; 2172.9; -1348.9; 3596.6
210.0; 4.447; -35.7; -1667.7; 3921.3; -35.7; -1126.4; 2508.5; 2168.6; -1792.6; 5003.1; 2168.6; -1362.8; 3590.2
213.0; 4.504; -35.7; -1707.0; 3938.5; -35.7; -1144.3; 2498.1; 2164.3; -1830.3; 5019.8; 2164.3; -1384.2; 3579.3
216.0; 4.561; -35.7; -1757.0; 3959.7; -35.7; -1166.4; 2483.6; 2160.1; -1880.4; 5040.5; 2160.1; -1412.4; 3564.3
219.0; 4.618; -35.7; -1815.1; 3984.0; -35.7; -1191.0; 2465.9; 2156.0; -1940.7; 5064.3; 2156.0; -1446.0; 3546.2
222.0; 4.675; -35.7; -1877.3; 4010.0; -35.7; -1216.3; 2446.5; 2152.0; -2007.6; 5089.8; 2152.0; -1482.8; 3526.3
225.0; 4.732; -35.7; -1938.1; 4035.8; -35.7; -1239.9; 2427.1; 2148.0; -2076.2; 5115.1; 2148.0; -1520.0; 3506.5
228.0; 4.788; -35.7; -1991.1; 4059.2; -35.7; -1259.5; 2410.0; 2144.1; -2139.9; 5138.1; 2144.1; -1554.3; 3488.9
231.0; 4.845; -35.7; -2029.3; 4077.9; -35.7; -1272.7; 2397.6; 2140.3; -2191.5; 5156.4; 2140.3; -1582.2; 3476.1
234.0; 4.902; -35.7; -2045.8; 4089.5; -35.7; -1277.4; 2392.3; 2136.5; -2223.4; 5167.5; 2136.5; -1600.1; 3470.3
237.0; 4.958; -35.7; -2033.9; 4091.4; -35.7; -1271.5; 2396.5; 2132.8; -2227.8; 5169.1; 2132.8; -1604.2; 3474.1
240.0; 5.014; -35.7; -1987.8; 4081.6; -35.7; -1252.7; 2412.5; 2129.1; -2197.6; 5158.8; 2129.1; -1590.7; 3489.7
243.0; 5.071; -35.7; -1903.0; 4058.0; -35.7; -1218.6; 2442.2; 2125.4; -2126.4; 5134.8; 2125.4; -1555.8; 3519.0
246.0; 5.127; -35.7; -1776.7; 4018.8; -35.7; -1166.3; 2487.5; 2121.7; -2009.7; 5095.2; 2121.7; -1495.4; 3563.9
249.0; 5.183; -35.7; -1608.8; 3963.0; -35.7; -1092.6; 2549.4; 2118.1; -1845.4; 5039.0; 2118.1; -1405.4; 3625.4
252.0; 5.239; -35.7; -1403.3; 3890.6; -35.7; -994.8; 2628.1; 2114.4; -1635.3; 4966.2; 2114.4; -1282.8; 3703.6
255.0; 5.295; -35.7; -1168.5; 3803.0; -35.7; -871.5; 2721.8; 2110.8; -1386.2; 4878.2; 2110.8; -1126.4; 3797.0
258.0; 5.351; -36.7; -923.2; 3726.4; -36.7; -729.2; 2846.8; 1938.2; -1112.6; 4758.1; 1938.2; -938.9; 3878.4
261.0; 5.407; -37.2; -691.4; 3710.0; -37.2; -580.0; 3033.7; 1268.5; -840.5; 4571.9; 1268.5; -735.3; 3895.7
264.0; 5.463; -43.0; -487.2; 3746.5; -43.0; -431.4; 3257.6; 227.1; -598.6; 4342.7; 227.1; -541.3; 3853.8
267.0; 5.519; -662.8; -319.3; 3825.9; -662.8; -295.4; 3496.3; -455.7; -399.4; 4090.8; -455.7; -371.8; 3761.3
270.0; 5.576; -1522.9; -190.9; 3934.7; -1522.9; -182.3; 3731.4; -1030.9; -244.8; 3834.1; -1030.9; -233.6; 3630.8
273.0; 5.633; -2388.5; -100.4; 4057.4; -2388.5; -98.0; 3946.9; -1608.5; -132.2; 3588.4; -1608.5; -128.6; 3477.9
276.0; 5.690; -3182.4; -43.8; 4176.9; -3182.4; -43.3; 4128.1; -2137.9; -56.7; 3369.2; -2137.9; -55.9; 3320.4
279.0; 5.748; -3825.7; -14.4; 4275.0; -3825.7; -14.3; 4261.5; -2567.0; -12.2; 3191.5; -2567.0; -12.2; 3178.1
282.0; 5.807; -4237.0; -4.5; 4332.5; -4237.0; -4.5; 4333.9; -2841.2; 7.7; 3071.0; -2841.2; 7.7; 3072.3
285.0; 5.868; -4330.7; -9.5; 4330.7; -4330.7; -9.5; 4330.8; -2904.1; 8.7; 3025.1; -2904.1; 8.7; 3025.1
288.0; 5.929; -4302.8; -3.9; 4302.8; -4302.8; -3.9; 4302.8; -2885.5; 3.2; 3004.5; -2885.5; 3.2; 3004.5
291.0; 5.991; -4275.1; 0.3; 4275.1; -4275.1; 0.3; 4275.1; -2867.1; -0.5; 2984.1; -2867.1; -0.5; 2984.1
294.0; 6.054; -4247.7; 1.3; 4247.7; -4247.7; 1.3; 4247.7; -2848.8; -1.2; 2963.8; -2848.8; -1.2; 2963.8
297.0; 6.119; -4220.5; 0.6; 4220.5; -4220.5; 0.6; 4220.5; -2830.7; -0.5; 2943.8; -2830.7; -0.5; 2943.8
300.0; 6.184; -4193.6; 0.0; 4193.6; -4193.6; 0.0; 4193.6; -2812.7; 0.0; 2923.9; -2812.7; 0.0; 2923.9
303.0; 6.251; -4166.9; -0.1; 4166.9; -4166.9; -0.1; 4166.9; -2794.9; 0.1; 2904.3; -2794.9; 0.1; 2904.3
306.0; 6.319; -4140.4; -0.1; 4140.4; -4140.4; -0.1; 4140.4; -2777.3; 0.1; 2884.8; -2777.3; 0.1; 2884.8
309.0; 6.389; -4114.2; 0.0; 4114.2; -4114.2; 0.0; 4114.2; -2759.8; 0.0; 2865.5; -2759.8; 0.0; 2865.5
312.0; 6.460; -4088.3; 0.0; 4088.3; -4088.3; 0.0; 4088.3; -2742.5; 0.0; 2846.3; -2742.5; 0.0; 2846.3
315.0; 6.533; -4062.5; 0.0; 4062.5; -4062.5; 0.0; 4062.5; -2725.3; 0.0; 2827.4; -2725.3; 0.0; 2827.4
318.0; 6.607; -4037.0; 0.0; 4037.0; -4037.0; 0.0; 4037.0; -2708.3; 0.0; 2808.6; -2708.3; 0.0; 2808.6
321.0; 6.684; -4011.8; 0.0; 4011.8; -4011.8; 0.0; 4011.8; -2691.5; 0.0; 2789.9; -2691.5; 0.0; 2790.0
324.0; 6.762; -3986.7; 0.0; 3986.7; -3986.7; 0.0; 3986.7; -2674.8; 0.0; 2771.5; -2674.8; 0.0; 2771.5
327.0; 6.842; -3959.8; 4.6; 3959.9; -3959.8; 4.6; 3963.1; -2656.9; 2.6; 2752.0; -2656.9; 2.6; 2755.3
330.0; 6.924; -3918.8; 38.5; 3919.0; -3918.8; 38.8; 3948.0; -2629.5; 24.7; 2724.6; -2629.5; 24.9; 2753.6
333.0; 7.008; -3862.7; 93.0; 3863.8; -3862.7; 94.6; 3941.5; -2592.1; 73.5; 2689.2; -2592.1; 75.4; 2767.0
336.0; 7.095; -3792.8; 162.7; 3796.2; -3792.8; 168.0; 3942.3; -2545.5; 145.3; 2647.5; -2545.5; 152.3; 2793.5
339.0; 7.185; -3712.2; 241.8; 3720.1; -3712.2; 254.3; 3948.1; -2491.8; 231.5; 2601.6; -2491.8; 249.3; 2829.6
342.0; 7.277; -3624.4; 325.3; 3639.0; -3624.4; 349.2; 3956.6; -2433.3; 324.1; 2554.0; -2433.3; 359.4; 2871.7
345.0; 7.372; -3531.4; 410.4; 3555.2; -3531.4; 450.3; 3966.6; -2371.3; 417.9; 2506.0; -2371.3; 477.9; 2917.4
348.0; 7.470; -3433.9; 496.1; 3469.6; -3433.9; 557.1; 3977.5; -2306.3; 511.1; 2458.2; -2306.3; 603.1; 2966.1
351.0; 7.572; -3331.1; 582.8; 3381.7; -3331.1; 670.9; 3989.5; -2237.7; 603.7; 2410.4; -2237.7; 736.1; 3018.2
354.0; 7.678; -3220.9; 671.8; 3290.2; -3220.9; 794.3; 4003.0; -2164.3; 697.1; 2362.3; -2164.3; 879.5; 3075.1
357.0; 7.787; -3100.4; 764.6; 3193.3; -3100.4; 931.1; 4018.8; -2083.9; 792.9; 2313.2; -2083.9; 1037.3; 3138.7
360.0; 7.900; -2965.7; 862.7; 3088.6; -2965.7; 1086.3; 4037.6; -1994.1; 892.7; 2262.5; -1994.1; 1214.9; 3211.5
363.0; 8.018; -2811.8; 967.2; 2973.4; -2811.8; 1266.0; 4060.3; -1891.5; 998.0; 2209.5; -1891.5; 1418.2; 3296.3
366.0; 8.140; -2633.1; 1077.9; 2845.2; -2633.1; 1476.6; 4087.2; -1772.4; 1108.9; 2154.1; -1772.4; 1653.5; 3396.1
369.0; 8.267; -2425.6; 1192.1; 2702.7; -2425.6; 1722.4; 4118.2; -1634.1; 1223.9; 2096.8; -1634.1; 1923.7; 3512.3
372.0; 8.399; -2190.6; 1302.7; 2548.7; -2190.6; 2000.0; 4151.1; -1477.4; 1337.9; 2039.8; -1477.4; 2223.3; 3642.3
375.0; 8.536; -1940.2; 1399.0; 2392.0; -1940.2; 2292.0; 4182.5; -1310.5; 1442.7; 1986.9; -1310.5; 2532.9; 3777.4
378.0; 8.678; -1698.2; 1471.3; 2246.9; -1698.2; 2567.0; 4207.9; -1149.1; 1530.2; 1942.2; -1149.1; 2821.7; 3903.1
381.0; 8.826; -1491.2; 1516.7; 2127.0; -1491.2; 2793.1; 4224.6; -1011.1; 1596.0; 1908.1; -1011.1; 3061.1; 4005.7
384.0; 8.981; -1333.0; 1540.5; 2037.2; -1333.0; 2957.5; 4233.0; -905.6; 1641.4; 1883.6; -905.6; 3239.6; 4079.4
387.0; 9.143; -1216.9; 1552.0; 1972.2; -1216.9; 3072.0; 4235.1; -828.2; 1670.9; 1866.2; -828.2; 3365.3; 4129.1
390.0; 9.314; -1111.5; 1561.0; 1916.3; -1111.5; 3173.3; 4233.3; -758.0; 1691.4; 1853.5; -758.0; 3462.4; 4170.5
393.0; 9.493; -1026.9; 1565.6; 1872.3; -1026.9; 3250.7; 4229.0; -701.6; 1705.3; 1844.0; -701.6; 3534.6; 4200.6
396.0; 9.678; -949.4; 1569.1; 1834.0; -949.4; 3318.8; 4222.7; -650.0; 1714.3; 1837.2; -650.0; 3590.2; 4225.8
399.0; 9.867; -831.4; 1577.7; 1783.4; -831.4; 3418.8; 4212.7; -571.2; 1721.7; 1835.3; -571.2; 3646.2; 4264.6
402.0; 10.055; -705.5; 1585.1; 1735.0; -705.5; 3511.4; 4198.5; -487.3; 1724.3; 1839.1; -487.3; 3685.5; 4302.6
405.0; 10.236; -620.4; 1591.7; 1708.3; -620.4; 3560.7; 4181.1; -430.6; 1712.7; 1847.5; -430.6; 3676.5; 4320.3
408.0; 10.399; -198.0; 1521.7; 1612.7; -198.0; 3526.8; 4094.1; -149.0; 1757.1; 1929.8; -149.0; 3697.9; 4411.2
411.0; 10.545; -35.7; 1499.0; 1583.5; -35.7; 3502.7; 4051.9; -40.8; 1757.4; 1968.9; -40.8; 3659.2; 4437.3
414.0; 10.681; -35.7; 1409.3; 1482.9; -35.7; 3421.4; 3938.7; 804.9; 1834.9; 2082.5; 804.9; 3696.3; 4538.4
417.0; 10.817; -35.7; 1387.3; 1459.3; -35.7; 3400.4; 3911.6; 1009.4; 1853.8; 2110.8; 1009.4; 3702.8; 4563.2
420.0; 10.953; -35.7; 1387.4; 1459.3; -35.7; 3403.6; 3915.8; 996.9; 1857.1; 2107.8; 996.9; 3711.7; 4564.3
423.0; 11.098; -35.7; 1387.4; 1458.9; -35.7; 3413.1; 3927.8; 955.0; 1866.8; 2096.9; 955.0; 3744.1; 4565.8
426.0; 11.261; -35.7; 1387.9; 1458.8; -35.7; 3431.4; 3952.2; 862.3; 1885.6; 2073.4; 862.3; 3810.0; 4566.7
429.0; 11.443; -35.7; 1388.0; 1464.2; -35.7; 3437.8; 3977.3; 744.2; 1909.0; 2048.9; 744.2; 3866.0; 4562.0
432.0; 11.637; -35.7; 1378.0; 1520.7; -35.7; 3134.5; 3738.0; 1487.4; 1746.8; 2294.2; 1487.4; 3099.8; 4511.6
435.0; 11.833; -35.7; 1321.8; 1582.6; -35.7; 2847.5; 3610.8; 1777.1; 1658.0; 2430.4; 1777.1; 2738.6; 4458.5
438.0; 12.027; -35.7; 1329.6; 1555.7; -35.7; 2965.9; 3695.1; 1578.2; 1746.4; 2353.8; 1578.2; 2994.5; 4493.2
441.0; 12.215; -35.7; 1333.5; 1550.0; -35.7; 2994.5; 3721.5; 1522.9; 1769.8; 2334.8; 1522.9; 3071.6; 4506.3
444.0; 12.399; -35.7; 1316.5; 1568.4; -35.7; 2899.8; 3689.1; 1606.7; 1749.2; 2375.1; 1606.7; 2985.6; 4495.8
447.0; 12.577; -35.7; 1281.5; 1605.2; -35.7; 2716.8; 3618.1; 1774.2; 1697.0; 2455.2; 1774.2; 2797.2; 4468.0
450.0; 12.750; -35.7; 1233.2; 1653.7; -35.7; 2487.9; 3528.5; 1973.6; 1622.8; 2555.1; 1973.6; 2563.4; 4429.9
453.0; 12.918; -35.7; 1176.2; 1707.7; -35.7; 2247.7; 3434.6; 2173.3; 1535.2; 2660.8; 2173.3; 2322.2; 4387.7
456.0; 13.081; -35.7; 1113.4; 1763.7; -35.7; 2013.4; 3342.6; 2361.6; 1439.5; 2765.7; 2361.6; 2089.4; 4344.6
459.0; 13.239; -35.7; 1046.4; 1820.0; -35.7; 1792.4; 3255.1; 2535.3; 1339.2; 2867.3; 2535.3; 1870.6; 4302.4
462.0; 13.391; -35.7; 976.7; 1875.3; -35.7; 1588.3; 3173.4; 2693.4; 1237.3; 2964.0; 2693.4; 1668.1; 4262.1
465.0; 13.538; -35.7; 905.9; 1928.6; -35.7; 1403.0; 3098.4; 2835.6; 1136.4; 3054.9; 2835.6; 1483.5; 4224.6
468.0; 13.681; -35.7; 835.7; 1979.4; -35.7; 1237.3; 3030.7; 2962.3; 1038.9; 3139.2; 2962.3; 1317.4; 4190.5
471.0; 13.819; -35.7; 768.1; 2026.7; -35.7; 1091.6; 2970.7; 3073.7; 947.1; 3216.3; 3073.7; 1170.3; 4160.4
474.0; 13.953; -35.7; 705.2; 2069.9; -35.7; 966.7; 2919.2; 3170.2; 863.1; 3285.6; 3170.2; 1042.8; 4134.9
477.0; 14.083; -35.7; 649.1; 2108.2; -35.7; 862.8; 2876.7; 3251.9; 789.4; 3346.3; 3251.9; 935.8; 4114.8
480.0; 14.209; -35.7; 600.6; 2141.7; -35.7; 778.1; 2842.8; 3320.2; 726.5; 3398.8; 3320.2; 847.8; 4099.8
483.0; 14.332; -35.7; 560.2; 2170.4; -35.7; 710.7; 2816.8; 3376.9; 674.4; 3443.6; 3376.9; 777.1; 4089.9
486.0; 14.452; -35.7; 530.1; 2193.5; -35.7; 662.3; 2799.8; 3421.1; 635.5; 3479.6; 3421.1; 725.5; 4085.8
489.0; 14.570; -35.7; 515.3; 2208.8; -35.7; 638.5; 2794.6; 3449.5; 615.0; 3503.9; 3449.5; 698.6; 4089.7
492.0; 14.684; -35.7; 519.2; 2214.6; -35.7; 643.7; 2803.8; 3459.2; 617.3; 3513.8; 3459.2; 701.5; 4103.0
495.0; 14.796; -35.7; 531.6; 2215.5; -35.7; 662.1; 2820.2; 3459.2; 632.3; 3516.5; 3459.2; 720.8; 4121.1
498.0; 14.906; -35.7; 542.9; 2216.6; -35.7; 679.3; 2836.3; 3459.2; 647.6; 3519.3; 3459.2; 740.5; 4139.1
501.0; 15.013; -35.7; 554.6; 2217.6; -35.7; 697.1; 2852.4; 3459.2; 662.5; 3522.0; 3459.2; 759.8; 4156.9
504.0; 15.118; -35.7; 566.2; 2218.6; -35.7; 714.9; 2868.5; 3459.2; 677.1; 3524.8; 3459.2; 778.8; 4174.7
507.0; 15.222; -35.7; 577.7; 2219.7; -35.7; 732.5; 2884.4; 3459.2; 691.5; 3527.6; 3459.2; 797.8; 4192.3
510.0; 15.323; -35.7; 588.9; 2220.9; -35.7; 750.0; 2900.2; 3459.2; 705.8; 3530.5; 3459.2; 816.6; 4209.8
513.0; 15.423; -35.7; 600.1; 2222.0; -35.7; 767.5; 2916.0; 3459.2; 720.0; 3533.3; 3459.2; 835.3; 4227.3
516.0; 15.521; -35.7; 611.1; 2223.2; -35.7; 784.8; 2931.6; 3459.2; 733.9; 3536.2; 3459.2; 853.8; 4244.6
519.0; 15.618; -35.7; 621.9; 2224.4; -35.7; 802.1; 2947.1; 3459.2; 747.7; 3539.1; 3459.2; 872.3; 4261.8
522.0; 15.713; -35.7; 632.6; 2225.6; -35.7; 819.3; 2962.6; 3459.2; 761.4; 3542.0; 3459.2; 890.6; 4279.0
525.0; 15.807; -35.7; 643.2; 2226.9; -35.7; 836.4; 2978.0; 3459.2; 774.9; 3544.9; 3459.2; 908.8; 4296.0
528.0; 15.900; -35.7; 675.0; 2218.4; -35.7; 888.5; 3007.7; 3439.8; 807.1; 3533.2; 3439.8; 953.9; 4322.5
531.0; 15.991; -35.7; 727.2; 2198.0; -35.7; 979.1; 3055.9; 3393.7; 867.1; 3502.8; 3393.7; 1039.8; 4360.7
534.0; 16.081; -35.7; 766.1; 2180.8; -35.7; 1052.1; 3100.0; 3350.2; 927.0; 3476.1; 3350.2; 1126.2; 4395.3
537.0; 16.170; -35.7; 805.0; 2164.5; -35.7; 1126.5; 3142.2; 3308.8; 980.2; 3450.9; 3308.8; 1205.8; 4428.6
540.0; 16.258; -35.7; 884.0; 2129.1; -35.7; 1281.1; 3213.8; 3224.8; 1063.8; 3395.8; 3224.8; 1339.2; 4480.4
543.0; 16.345; -35.7; 991.6; 2072.4; -35.7; 1516.2; 3320.9; 3081.2; 1193.0; 3304.1; 3081.2; 1557.4; 4552.5
546.0; 16.431; -35.7; 1102.6; 2004.7; -35.7; 1797.1; 3449.6; 2891.2; 1346.9; 3189.5; 2891.2; 1839.0; 4634.4
549.0; 16.516; -35.7; 1186.8; 1945.0; -35.7; 2048.8; 3569.4; 2699.7; 1487.6; 3082.5; 2699.7; 2119.2; 4706.9
552.0; 16.601; -36.1; 1229.5; 1920.7; -36.1; 2193.6; 3659.8; 2479.9; 1581.5; 3003.4; 2479.9; 2320.2; 4742.5
555.0; 16.685; -36.4; 1270.7; 2034.1; -36.4; 2227.5; 3817.6; 1427.1; 1599.6; 2850.5; 1427.1; 2413.6; 4634.0
558.0; 16.770; -93.0; 1288.9; 2241.0; -93.0; 2148.5; 4001.1; -73.9; 1562.6; 2662.4; -73.9; 2413.8; 4422.5
561.0; 16.855; -1152.0; 1260.0; 2508.5; -1152.0; 1959.1; 4167.7; -783.2; 1478.7; 2480.6; -783.2; 2306.4; 4139.7
564.0; 16.941; -2152.7; 1159.1; 2794.4; -2152.7; 1671.1; 4281.7; -1451.2; 1354.4; 2341.3; -1451.2; 2086.2; 3828.6
567.0; 17.028; -2888.1; 987.0; 3052.3; -2888.1; 1321.6; 4304.9; -1942.0; 1193.4; 2285.7; -1942.0; 1758.1; 3538.3
570.0; 17.118; -3135.6; 770.6; 3228.9; -3135.6; 963.5; 4201.4; -2107.4; 988.2; 2354.5; -2107.4; 1344.7; 3327.0
573.0; 17.210; -3273.7; 661.7; 3339.9; -3273.7; 789.9; 4116.1; -2199.5; 789.4; 2403.9; -2199.5; 1013.1; 3180.0
576.0; 17.305; -3213.9; 748.3; 3299.9; -3213.9; 899.4; 4099.0; -2159.6; 759.5; 2385.9; -2159.6; 980.8; 3185.0
579.0; 17.402; -2906.4; 1018.1; 3079.5; -2906.4; 1317.6; 4160.4; -1954.6; 949.1; 2292.5; -1954.6; 1332.6; 3373.3
582.0; 17.503; -2423.9; 1311.5; 2756.0; -2423.9; 1910.1; 4255.6; -1632.9; 1231.9; 2170.1; -1632.9; 1951.9; 3669.7
585.0; 17.605; -1955.9; 1493.2; 2460.7; -1955.9; 2443.6; 4332.7; -1320.9; 1463.3; 2070.4; -1320.9; 2573.7; 3942.3
588.0; 17.709; -1629.4; 1567.2; 2260.8; -1629.4; 2791.6; 4377.0; -1103.3; 1606.4; 2006.5; -1103.3; 3024.5; 4122.7
591.0; 17.816; -1442.5; 1588.2; 2145.5; -1442.5; 2976.9; 4397.2; -978.6; 1683.7; 1968.5; -978.6; 3296.4; 4220.3
594.0; 17.925; -1323.8; 1595.7; 2073.4; -1323.8; 3088.8; 4404.0; -899.6; 1724.4; 1944.9; -899.6; 3456.3; 4275.6
597.0; 18.035; -1209.2; 1601.1; 2013.5; -1209.2; 3181.6; 4400.5; -820.6; 1749.8; 1932.7; -820.6; 3562.1; 4319.7
600.0; 18.148; -1135.4; 1594.7; 1977.9; -1135.4; 3214.8; 4391.2; -771.2; 1765.9; 1926.9; -771.2; 3622.2; 4340.3
603.0; 18.264; -1084.4; 1593.2; 1950.9; -1084.4; 3247.7; 4383.4; -737.1; 1773.0; 1920.1; -737.1; 3659.8; 4352.6
606.0; 18.381; -1034.9; 1606.1; 1919.0; -1034.9; 3324.3; 4381.4; -704.0; 1773.2; 1907.9; -704.0; 3696.9; 4370.2
609.0; 18.502; -911.9; 1624.2; 1862.8; -911.9; 3454.7; 4373.6; -621.9; 1778.2; 1902.4; -621.9; 3751.0; 4413.2
612.0; 18.624; -470.6; 1585.5; 1738.9; -470.6; 3554.7; 4302.5; -324.9; 1835.9; 1964.7; -324.9; 3843.2; 4528.3
615.0; 18.747; -134.9; 1544.4; 1652.0; -134.9; 3597.7; 4243.9; -106.8; 1880.7; 2017.6; -106.8; 3900.8; 4609.5
618.0; 18.870; -35.8; 1532.8; 1625.4; -35.8; 3614.9; 4224.3; -40.8; 1889.5; 2032.4; -40.8; 3910.6; 4631.2
621.0; 18.993; -35.8; 1535.7; 1624.8; -35.8; 3621.8; 4220.4; -40.8; 1881.0; 2031.3; -40.8; 3895.3; 4626.9
624.0; 19.115; -35.7; 1538.5; 1626.9; -35.7; 3620.3; 4213.7; -40.8; 1869.6; 2033.0; -40.8; 3867.7; 4619.8
627.0; 19.238; -35.7; 1523.7; 1610.1; -35.7; 3600.1; 4183.8; 129.4; 1873.4; 2058.9; 129.4; 3843.0; 4632.7
630.0; 19.359; -35.7; 1461.3; 1541.0; -35.7; 3542.0; 4103.5; 717.0; 1926.3; 2138.7; 717.0; 3862.2; 4701.1
633.0; 19.480; -35.7; 1435.7; 1512.8; -35.7; 3517.8; 4070.6; 960.5; 1948.3; 2172.2; 960.5; 3869.5; 4730.0
636.0; 19.601; -35.7; 1436.1; 1512.9; -35.7; 3519.3; 4072.3; 955.9; 1949.5; 2171.2; 955.9; 3872.6; 4730.6
639.0; 19.722; -35.7; 1436.4; 1512.9; -35.7; 3524.4; 4079.0; 931.6; 1954.4; 2165.0; 931.6; 3890.9; 4731.2
642.0; 19.845; -35.7; 1436.6; 1512.9; -35.7; 3532.9; 4091.1; 885.0; 1963.0; 2153.3; 885.0; 3924.7; 4731.5
645.0; 19.970; -35.7; 1436.9; 1513.6; -35.7; 3542.7; 4106.9; 820.5; 1974.0; 2137.7; 820.5; 3967.5; 4730.9
648.0; 20.095; -35.7; 1436.4; 1515.8; -35.7; 3538.9; 4111.3; 795.3; 1979.8; 2133.5; 795.3; 3976.9; 4729.0
651.0; 20.221; -35.7; 1433.1; 1524.9; -35.7; 3456.7; 4037.1; 1060.5; 1939.0; 2210.0; 1060.5; 3755.1; 4722.2
654.0; 20.346; -35.7; 1443.4; 1579.6; -35.7; 3223.5; 3834.4; 1669.2; 1751.5; 2419.5; 1669.2; 3084.3; 4674.3
657.0; 20.469; -35.7; 1429.8; 1616.4; -35.7; 3072.9; 3758.0; 1855.2; 1682.1; 2504.2; 1855.2; 2843.7; 4645.8
660.0; 20.591; -35.7; 1407.8; 1602.8; -35.7; 3094.8; 3821.5; 1684.2; 1776.5; 2447.9; 1684.2; 3074.5; 4666.7
663.0; 20.711; -35.7; 1392.4; 1593.3; -35.7; 3112.2; 3873.8; 1537.7; 1845.2; 2401.9; 1537.7; 3262.4; 4682.5
666.0; 20.829; -35.7; 1370.0; 1604.3; -35.7; 3036.5; 3868.2; 1539.2; 1859.4; 2413.9; 1539.2; 3274.0; 4677.8
669.0; 20.947; -35.7; 1326.1; 1643.9; -35.7; 2821.3; 3789.6; 1720.0; 1814.2; 2499.9; 1720.0; 3078.5; 4645.7
672.0; 21.063; -35.7; 1241.7; 1726.0; -35.7; 2428.4; 3625.0; 2080.8; 1680.1; 2674.4; 2080.8; 2649.4; 4573.4
675.0; 21.177; -35.7; 1097.3; 1851.9; -35.7; 1898.9; 3395.8; 2534.7; 1442.6; 2916.5; 2534.7; 2064.2; 4460.4
678.0; 21.290; -35.7; 902.2; 1994.6; -35.7; 1369.1; 3162.4; 2949.3; 1150.3; 3165.6; 2949.3; 1496.7; 4333.4
681.0; 21.400; -35.7; 706.2; 2119.9; -35.7; 960.1; 2976.0; 3253.1; 878.2; 3369.5; 3253.1; 1060.9; 4225.6
684.0; 21.508; -35.7; 579.8; 2199.0; -35.7; 738.3; 2870.9; 3422.2; 700.6; 3493.2; 3422.2; 811.1; 4165.1
687.0; 21.613; -35.7; 566.8; 2217.2; -35.7; 714.1; 2860.4; 3459.2; 664.5; 3522.4; 3459.2; 763.5; 4165.6
690.0; 21.717; -35.7; 566.3; 2223.5; -35.7; 714.0; 2871.0; 3459.2; 672.9; 3530.5; 3459.2; 773.5; 4177.9
693.0; 21.819; -35.7; 341.6; 2353.2; -35.7; 394.2; 2758.2; 3459.2; 463.7; 3661.8; 3459.2; 506.3; 4066.9
696.0; 21.919; -35.7; -72.0; 2578.5; -35.7; -70.8; 2549.7; 3459.2; 10.5; 3888.9; 3459.2; 10.5; 3860.0
699.0; 22.017; -35.7; -521.3; 2801.4; -35.7; -442.7; 2343.5; 3459.2; -505.5; 4113.4; 3459.2; -459.3; 3655.6
702.0; 22.113; -35.7; -800.6; 2938.6; -35.7; -621.4; 2222.9; 3459.2; -856.4; 4252.3; 3459.2; -736.0; 3536.6
705.0; 22.208; -35.7; -909.2; 3006.7; -35.7; -682.7; 2190.3; 3382.8; -1003.5; 4302.7; 3382.8; -843.1; 3486.3
708.0; 22.302; -35.7; -1226.2; 3142.9; -35.7; -856.1; 2112.1; 3213.1; -1254.2; 4397.4; 3213.1; -1005.1; 3366.6
711.0; 22.394; -35.7; -1681.5; 3342.9; -35.7; -1056.4; 1998.3; 2925.3; -1675.8; 4525.8; 2925.3; -1250.1; 3181.3
714.0; 22.486; -35.7; -2171.7; 3559.7; -35.7; -1222.1; 1882.0; 2572.5; -2176.2; 4654.4; 2572.5; -1497.6; 2976.7
717.0; 22.576; -35.7; -2597.7; 3750.0; -35.7; -1332.9; 1788.1; 2227.5; -2644.1; 4758.2; 2227.5; -1690.4; 2796.3
720.0; 22.666; -35.7; -2926.6; 3898.7; -35.7; -1401.9; 1721.2; 1932.4; -3024.1; 4832.8; 1932.4; -1821.2; 2655.3
723.0; 22.755; -35.7; -3172.5; 4010.2; -35.7; -1446.7; 1675.4; 1695.1; -3312.6; 4884.8; 1695.1; -1905.0; 2550.0
726.0; 22.844; -35.7; -3352.5; 4092.1; -35.7; -1476.6; 1644.6; 1510.1; -3525.1; 4920.3; 1510.1; -1958.1; 2472.8
729.0; 22.933; -35.7; -3475.8; 4150.2; -35.7; -1495.5; 1625.0; 1371.3; -3676.8; 4943.5; 1371.3; -1992.0; 2418.3
732.0; 23.021; -35.7; -3551.8; 4188.8; -35.7; -1506.0; 1613.8; 1273.5; -3779.2; 4957.6; 1273.5; -2013.7; 2382.6
735.0; 23.108; -35.7; -3593.8; 4212.3; -35.7; -1511.3; 1608.0; 1211.8; -3842.3; 4965.7; 1211.8; -2026.8; 2361.4
738.0; 23.195; -35.7; -3614.1; 4224.4; -35.7; -1513.9; 1605.6; 1180.9; -3874.0; 4970.1; 1180.9; -2033.3; 2351.4
741.0; 23.282; -35.7; -3621.1; 4227.8; -35.7; -1515.3; 1605.2; 1176.1; -3880.7; 4972.5; 1176.1; -2034.4; 2349.9
744.0; 23.367; -35.7; -3619.2; 4224.3; -35.7; -1516.4; 1606.2; 1193.1; -3866.5; 4973.5; 1193.1; -2030.8; 2355.3
747.0; 23.453; -35.7; -3610.7; 4215.6; -35.7; -1517.4; 1608.3; 1227.0; -3835.6; 4973.6; 1227.0; -2023.3; 2366.3
750.0; 23.538; -35.7; -3596.4; 4203.3; -35.7; -1518.1; 1611.6; 1271.5; -3793.6; 4972.8; 1271.5; -2013.2; 2381.1
753.0; 23.623; -35.7; -3577.0; 4189.7; -35.7; -1517.9; 1615.9; 1318.6; -3747.9; 4971.3; 1318.6; -2002.5; 2397.6
756.0; 23.708; -35.7; -3553.1; 4176.9; -35.7; -1516.3; 1621.0; 1360.4; -3706.8; 4969.5; 1360.4; -1993.6; 2413.6
759.0; 23.794; -35.7; -3524.4; 4166.1; -35.7; -1512.5; 1626.6; 1393.2; -3675.1; 4967.3; 1393.2; -1988.3; 2427.8
762.0; 23.880; -35.7; -3489.4; 4156.6; -35.7; -1506.1; 1633.0; 1419.1; -3651.0; 4964.7; 1419.1; -1986.2; 2441.1
765.0; 23.967; -35.7; -3444.4; 4145.4; -35.7; -1497.0; 1640.7; 1446.7; -3625.8; 4960.9; 1446.7; -1984.9; 2456.2
768.0; 24.053; -35.7; -3383.0; 4128.4; -35.7; -1484.7; 1651.2; 1487.7; -3586.7; 4954.7; 1487.7; -1981.1; 2477.5
771.0; 24.140; -35.7; -3296.3; 4100.5; -35.7; -1467.9; 1666.4; 1555.6; -3518.8; 4944.3; 1555.6; -1970.2; 2510.3
774.0; 24.227; -35.7; -3171.5; 4055.4; -35.7; -1444.1; 1689.1; 1663.8; -3405.0; 4927.2; 1663.8; -1946.8; 2560.9
777.0; 24.313; -35.7; -2993.6; 3986.8; -35.7; -1409.4; 1723.2; 1824.4; -3227.9; 4899.9; 1824.4; -1903.0; 2636.3
780.0; 24.399; -35.7; -2750.4; 3888.9; -35.7; -1358.4; 1773.0; 2043.3; -2973.8; 4858.2; 2043.3; -1829.0; 2742.3
783.0; 24.485; -35.7; -2444.5; 3762.3; -35.7; -1286.3; 1840.7; 2311.7; -2645.9; 4800.5; 2311.7; -1716.0; 2879.0
786.0; 24.570; -35.7; -2108.4; 3619.3; -35.7; -1194.1; 1922.0; 2598.2; -2279.0; 4731.2; 2598.2; -1566.5; 3033.9
789.0; 24.654; -35.7; -1807.1; 3486.8; -35.7; -1097.9; 2002.5; 2852.3; -1940.0; 4664.3; 2852.3; -1405.9; 3180.0
792.0; 24.737; -35.7; -1613.5; 3398.0; -35.7; -1029.6; 2061.3; 3023.2; -1705.2; 4620.1; 3023.2; -1281.0; 3283.4
795.0; 24.819; -35.7; -1563.4; 3373.2; -35.7; -1014.1; 2083.7; 3086.2; -1620.5; 4612.6; 3086.2; -1232.4; 3323.2
798.0; 24.900; -35.7; -1620.8; 3401.8; -35.7; -1039.5; 2075.1; 3060.3; -1668.1; 4636.1; 3060.3; -1259.5; 3309.3
801.0; 24.981; -35.7; -1633.6; 3425.6; -35.7; -1039.7; 2071.3; 3033.4; -1731.0; 4654.4; 3033.4; -1299.6; 3300.0
804.0; 25.060; -35.7; -1578.6; 3425.0; -35.7; -1014.0; 2091.4; 3007.5; -1723.7; 4648.5; 3007.5; -1300.0; 3314.9
807.0; 25.139; -35.7; -1351.8; 3365.3; -35.7; -912.5; 2170.2; 2982.6; -1558.1; 4583.8; 2982.6; -1210.4; 3388.8
810.0; 25.218; -35.7; -1019.0; 3253.2; -35.7; -747.4; 2301.2; 2958.4; -1233.7; 4466.9; 2958.4; -1009.1; 3514.9
813.0; 25.296; -35.7; -663.6; 3114.1; -35.7; -537.1; 2459.0; 2935.0; -832.7; 4323.1; 2935.0; -725.1; 3668.0
816.0; 25.373; -35.7; -354.2; 2979.6; -35.7; -314.6; 2611.7; 2912.3; -457.1; 4184.1; 2912.3; -422.8; 3816.3
819.0; 25.450; -35.7; -116.8; 2869.8; -35.7; -111.8; 2739.5; 2890.4; -162.3; 4070.1; 2890.4; -157.8; 3939.7
822.0; 25.526; -35.7; 48.1; 2791.5; -35.7; 48.9; 2835.4; 2869.2; 43.9; 3987.6; 2869.2; 44.2; 4031.5
825.0; 25.601; -35.7; 153.8; 2742.1; -35.7; 161.8; 2902.2; 2848.7; 176.4; 3934.2; 2848.7; 182.3; 4094.3
828.0; 25.677; -35.7; 216.0; 2715.5; -35.7; 232.3; 2945.7; 2828.9; 254.4; 3903.8; 2828.9; 266.7; 4134.0
831.0; 25.751; -35.7; 247.7; 2705.7; -35.7; 269.4; 2972.2; 2809.8; 294.2; 3890.4; 2809.8; 310.8; 4156.8
834.0; 25.825; -35.7; 258.6; 2707.6; -35.7; 282.2; 2986.6; 2791.2; 308.1; 3888.7; 2791.2; 326.3; 4167.8
837.0; 25.899; -35.7; 255.2; 2717.4; -35.7; 278.1; 2992.9; 2773.2; 304.5; 3895.2; 2773.2; 322.3; 4170.6
840.0; 25.972; -35.7; 241.9; 2732.6; -35.7; 262.4; 2993.5; 2755.8; 289.1; 3907.1; 2755.8; 305.1; 4168.0
843.0; 26.045; -35.7; 221.7; 2751.5; -35.7; 238.7; 2990.2; 2738.9; 265.7; 3922.8; 2738.9; 279.1; 4161.5
846.0; 26.117; -35.7; 196.2; 2773.0; -35.7; 209.4; 2984.0; 2722.4; 236.2; 3941.3; 2722.4; 246.7; 4152.3
849.0; 26.189; -35.7; 166.3; 2796.5; -35.7; 175.8; 2975.5; 2706.5; 202.0; 3961.9; 2706.5; 209.5; 4140.8
852.0; 26.261; -35.7; 132.4; 2821.8; -35.7; 138.4; 2964.9; 2691.0; 163.4; 3984.4; 2691.0; 168.3; 4127.5
855.0; 26.332; -35.7; 94.7; 2848.9; -35.7; 97.7; 2952.5; 2675.9; 120.6; 4008.7; 2675.9; 123.2; 4112.3
858.0; 26.403; -35.7; 53.1; 2877.5; -35.7; 54.1; 2938.2; 2661.2; 73.6; 4034.7; 2661.2; 74.6; 4095.3
861.0; 26.473; -35.7; 7.9; 2907.6; -35.7; 8.0; 2922.2; 2646.9; 22.7; 4062.2; 2646.9; 22.7; 4076.8
864.0; 26.543; -35.7; -40.2; 2938.9; -35.7; -39.8; 2904.8; 2633.0; -31.8; 4091.0; 2633.0; -31.6; 4057.0
867.0; 26.613; -35.7; -90.1; 2970.7; -35.7; -87.8; 2886.8; 2619.5; -88.6; 4120.4; 2619.5; -87.1; 4036.5
870.0; 26.682; -35.7; -139.6; 3002.1; -35.7; -134.1; 2868.9; 2606.3; -145.6; 4149.5; 2606.3; -141.8; 4016.3
873.0; 26.751; -35.7; -185.8; 3031.8; -35.7; -176.0; 2852.6; 2593.4; -199.9; 4176.9; 2593.4; -192.8; 3997.7
876.0; 26.820; -35.7; -224.6; 3057.8; -35.7; -210.3; 2839.6; 2580.9; -247.4; 4200.8; 2580.9; -236.7; 3982.6
879.0; 26.888; -35.7; -251.2; 3078.3; -35.7; -233.3; 2832.2; 2568.6; -282.8; 4219.2; 2568.6; -269.1; 3973.0
882.0; 26.956; -36.6; -265.0; 3150.0; -36.6; -245.5; 2889.0; 2090.6; -302.2; 4170.3; 2090.6; -286.4; 3909.3
885.0; 27.024; -37.7; -265.5; 3292.3; -37.7; -246.8; 3029.2; 980.9; -306.2; 4031.3; 980.9; -289.4; 3768.2
888.0; 27.092; -344.1; -251.0; 3476.4; -344.1; -235.2; 3224.8; -239.9; -295.4; 3827.8; -239.9; -278.8; 3576.2
891.0; 27.160; -1377.9; -220.6; 3674.1; -1377.9; -208.9; 3448.3; -934.1; -268.7; 3586.1; -934.1; -254.0; 3360.2
894.0; 27.229; -2403.7; -175.2; 3858.3; -2403.7; -168.0; 3671.6; -1618.6; -226.4; 3334.3; -1618.6; -215.3; 3147.7
897.0; 27.299; -3284.5; -119.6; 4002.6; -3284.5; -116.1; 3865.5; -2206.1; -171.4; 3103.3; -2206.1; -164.6; 2966.2
900.0; 27.371; -3879.7; -61.9; 4081.5; -3879.7; -60.8; 3999.0; -2602.9; -109.2; 2926.9; -2602.9; -106.4; 2844.4
903.0; 27.444; -4040.4; -7.7; 4067.7; -4040.4; -7.6; 4040.4; -2710.6; -45.0; 2841.2; -2710.6; -44.6; 2813.8
906.0; 27.518; -4032.3; 4.5; 4032.3; -4032.3; 4.6; 4032.3; -2705.2; -2.0; 2805.1; -2705.2; -2.0; 2805.1
909.0; 27.594; -4007.2; -7.4; 4007.2; -4007.2; -7.4; 4007.2; -2688.4; 7.0; 2786.6; -2688.4; 7.0; 2786.6
912.0; 27.672; -3982.3; -3.6; 3982.3; -3982.3; -3.6; 3982.3; -2671.8; 3.0; 2768.2; -2671.8; 3.0; 2768.2
915.0; 27.753; -3957.6; -0.2; 3957.6; -3957.6; -0.2; 3957.6; -2655.4; 0.0; 2750.0; -2655.4; 0.0; 2750.0
918.0; 27.835; -3933.1; 0.4; 3933.1; -3933.1; 0.4; 3933.1; -2639.1; -0.4; 2732.0; -2639.1; -0.4; 2732.0
921.0; 27.919; -3908.9; 0.2; 3908.9; -3908.9; 0.2; 3908.9; -2622.9; -0.1; 2714.2; -2622.9; -0.1; 2714.1
924.0; 28.006; -3884.9; -0.0; 3884.9; -3884.9; -0.0; 3884.9; -2607.0; 0.0; 2696.5; -2607.0; 0.0; 2696.5
927.0; 28.096; -3861.2; -0.0; 3861.2; -3861.2; -0.0; 3861.2; -2591.1; 0.0; 2679.0; -2591.1; 0.0; 2679.0
930.0; 28.188; -3837.6; -0.0; 3837.6; -3837.6; -0.0; 3837.6; -2575.4; -0.0; 2661.6; -2575.4; -0.0; 2661.6
933.0; 28.284; -3814.3; -0.0; 3814.3; -3814.3; -0.0; 3814.3; -2559.9; -0.0; 2644.4; -2559.9; -0.0; 2644.4
936.0; 28.382; -3791.2; -0.0; 3791.2; -3791.2; -0.0; 3791.2; -2544.5; -0.0; 2627.4; -2544.5; -0.0; 2627.4
939.0; 28.485; -3768.4; -0.0; 3768.4; -3768.4; -0.0; 3768.4; -2529.2; -0.0; 2610.6; -2529.2; -0.0; 2610.6
942.0; 28.592; -3745.7; -0.0; 3745.7; -3745.7; -0.0; 3745.7; -2514.1; -0.0; 2593.9; -2514.1; -0.0; 2593.9
945.0; 28.704; -3723.3; -0.0; 3723.3; -3723.3; -0.0; 3723.3; -2499.2; -0.0; 2577.3; -2499.2; -0.0; 2577.3
948.0; 28.821; -3689.8; -21.1; 3707.6; -3689.8; -21.1; 3689.8; -2476.8; -17.9; 2572.2; -2476.8; -17.8; 2554.5
951.0; 28.944; -3613.5; -115.7; 3715.7; -3613.5; -112.9; 3615.2; -2426.0; -107.2; 2609.1; -2426.0; -103.6; 2508.7
954.0; 29.075; -3489.3; -278.0; 3746.4; -3489.3; -261.6; 3499.1; -2343.2; -280.4; 2688.9; -2343.2; -257.8; 2441.6
957.0; 29.213; -3316.1; -504.3; 3794.3; -3316.1; -450.8; 3346.6; -2227.7; -534.1; 2806.8; -2227.7; -459.1; 2359.1
960.0; 29.362; -3092.0; -794.8; 3854.2; -3092.0; -664.9; 3162.6; -2078.3; -864.7; 2958.4; -2078.3; -686.3; 2266.8
963.0; 29.520; -2814.7; -1151.2; 3921.5; -2814.7; -887.4; 2951.3; -1893.5; -1268.0; 3140.0; -1893.5; -921.1; 2169.8
966.0; 29.692; -2489.2; -1568.4; 3990.6; -2489.2; -1097.7; 2720.5; -1676.4; -1728.5; 3344.1; -1676.4; -1144.8; 2074.0
969.0; 29.881; -2132.8; -2025.6; 4054.6; -2132.8; -1274.2; 2484.4; -1438.9; -2211.6; 3556.4; -1438.9; -1339.0; 1986.2
972.0; 30.088; -1770.2; -2488.9; 4107.2; -1770.2; -1404.8; 2259.9; -1197.1; -2671.7; 3760.2; -1197.1; -1491.4; 1912.9
975.0; 30.316; -1371.2; -2971.4; 4146.4; -1371.2; -1504.3; 2036.2; -928.9; -3105.3; 3966.8; -928.9; -1607.5; 1856.6
978.0; 30.563; -1098.8; -3262.8; 4157.9; -1098.8; -1546.1; 1896.8; -749.5; -3361.3; 4091.4; -749.5; -1665.2; 1830.3
981.0; 30.828; -884.6; -3443.8; 4148.8; -884.6; -1571.9; 1803.8; -606.7; -3492.2; 4171.6; -606.7; -1692.9; 1826.5
984.0; 31.111; -795.4; -3506.1; 4131.4; -795.4; -1584.1; 1772.6; -547.3; -3505.2; 4190.8; -547.3; -1699.9; 1831.9
987.0; 31.415; -882.8; -3497.8; 4112.1; -882.8; -1588.4; 1817.2; -605.5; -3371.4; 4133.4; -605.5; -1678.1; 1838.5
990.0; 31.720; -35.7; -3365.9; 3919.0; -35.7; -1417.0; 1650.0; -40.8; -3194.5; 4297.7; -40.8; -1726.1; 2028.7
993.0; 32.012; -35.7; -3392.5; 3926.6; -35.7; -1416.1; 1640.1; -40.8; -3247.1; 4305.0; -40.8; -1744.4; 2018.5
996.0; 32.305; -35.7; -3258.5; 3719.8; -35.7; -1395.7; 1501.1; 1344.6; -3074.9; 4449.7; 1344.6; -1780.3; 2231.1
999.0; 32.600; -35.7; -3279.5; 3748.1; -35.7; -1400.5; 1494.0; 1280.8; -3165.8; 4462.4; 1280.8; -1798.9; 2208.3
1002.0; 32.892; -35.7; -3286.4; 3759.3; -35.7; -1391.3; 1491.7; 1266.9; -3199.2; 4470.6; 1266.9; -1802.3; 2203.0
1005.0; 33.181; -35.7; -3238.7; 3742.2; -35.7; -1361.8; 1500.2; 1324.1; -3152.9; 4468.6; 1324.1; -1790.0; 2226.5
1008.0; 33.459; -35.7; -3049.0; 3667.8; -35.7; -1304.5; 1534.1; 1513.2; -2958.0; 4442.8; 1513.2; -1744.2; 2309.1
1011.0; 33.721; -35.7; -2683.3; 3527.6; -35.7; -1223.6; 1602.8; 1833.5; -2601.2; 4384.7; 1833.5; -1639.9; 2459.9
1014.0; 33.962; -35.7; -2205.8; 3344.8; -35.7; -1119.9; 1701.3; 2212.9; -2149.7; 4299.3; 2212.9; -1468.4; 2655.8
1017.0; 34.183; -35.7; -1696.7; 3146.0; -35.7; -982.1; 1819.3; 2586.8; -1676.8; 4196.6; 2586.8; -1242.8; 2869.8
1020.0; 34.386; -35.7; -1222.7; 2953.3; -35.7; -809.1; 1943.9; 2916.8; -1235.7; 4089.0; 2916.8; -988.2; 3079.6
1023.0; 34.574; -35.7; -831.6; 2785.5; -35.7; -620.3; 2061.3; 3181.7; -863.3; 3990.0; 3181.7; -736.8; 3265.9
1026.0; 34.752; -35.7; -555.0; 2661.3; -35.7; -453.3; 2156.0; 3368.1; -591.4; 3914.9; 3368.1; -529.8; 3409.5
1029.0; 34.920; -35.7; -427.4; 2605.6; -35.7; -365.0; 2206.7; 3459.2; -463.4; 3884.1; 3459.2; -424.9; 3485.2
1032.0; 35.080; -35.7; -446.7; 2623.3; -35.7; -379.5; 2207.1; 3459.2; -484.6; 3903.6; 3459.2; -442.6; 3487.4
1035.0; 35.233; -35.7; -465.2; 2640.8; -35.7; -393.3; 2207.6; 3459.2; -505.9; 3922.8; 3459.2; -460.4; 3489.7
1038.0; 35.379; -35.7; -483.9; 2658.1; -35.7; -407.2; 2208.1; 3459.2; -526.9; 3942.0; 3459.2; -477.6; 3492.0
1041.0; 35.521; -35.7; -502.6; 2675.3; -35.7; -420.8; 2208.7; 3459.2; -547.7; 3961.0; 3459.2; -494.6; 3494.4
1044.0; 35.657; -35.7; -521.2; 2692.4; -35.7; -434.2; 2209.3; 3459.2; -568.2; 3979.9; 3459.2; -511.3; 3496.8
1047.0; 35.789; -35.7; -534.5; 2707.2; -35.7; -443.8; 2212.1; 3459.2; -583.6; 3996.5; 3459.2; -523.8; 3501.3
1050.0; 35.916; -35.7; -446.9; 2680.2; -35.7; -381.7; 2256.6; 3459.2; -500.0; 3971.2; 3459.2; -455.8; 3547.6
1053.0; 36.040; -35.7; -318.1; 2632.3; -35.7; -283.7; 2322.0; 3459.2; -364.5; 3925.0; 3459.2; -340.5; 3614.8
1056.0; 36.161; -35.7; -199.8; 2585.9; -35.7; -185.7; 2385.8; 3459.2; -233.6; 3880.4; 3459.2; -223.6; 3680.3
1059.0; 36.279; -35.7; -109.3; 2550.5; -35.7; -104.9; 2438.5; 3459.2; -130.5; 3846.8; 3459.2; -127.3; 3734.7
1062.0; 36.394; -35.7; -43.8; 2526.4; -35.7; -43.0; 2479.9; 3459.2; -54.9; 3824.4; 3459.2; -54.4; 3777.9
1065.0; 36.506; -35.7; 2.0; 2511.6; -35.7; 2.1; 2511.9; 3459.2; -1.4; 3811.4; 3459.2; -1.4; 3811.7
1068.0; 36.616; -35.7; 33.1; 2504.0; -35.7; 33.5; 2536.6; 3459.2; 35.2; 3805.5; 3459.2; 35.5; 3838.1
1071.0; 36.724; -35.7; 53.3; 2501.9; -35.7; 54.3; 2555.8; 3459.2; 59.4; 3805.1; 3459.2; 60.1; 3859.0
1074.0; 36.830; -35.7; 65.7; 2503.8; -35.7; 67.3; 2571.0; 3459.2; 74.4; 3808.7; 3459.2; 75.5; 3875.9
1077.0; 36.933; -35.7; 72.7; 2508.5; -35.7; 74.7; 2583.2; 3459.2; 83.0; 3815.1; 3459.2; 84.3; 3889.8
1080.0; 37.035; -35.7; 75.9; 2515.2; -35.7; 78.1; 2593.4; 3459.2; 87.1; 3823.5; 3459.2; 88.5; 3901.8
1083.0; 37.135; -35.7; 76.7; 2523.1; -35.7; 78.9; 2602.3; 3459.2; 88.2; 3833.2; 3459.2; 89.7; 3912.4
1086.0; 37.234; -35.7; 76.1; 2531.8; -35.7; 78.2; 2610.4; 3459.2; 87.6; 3843.5; 3459.2; 89.1; 3922.1
1089.0; 37.331; -35.7; 74.7; 2540.9; -35.7; 76.7; 2618.0; 3459.2; 86.0; 3854.3; 3459.2; 87.5; 3931.5
1092.0; 37.426; -35.7; 73.2; 2550.0; -35.7; 75.1; 2625.5; 3459.2; 84.2; 3865.1; 3459.2; 85.6; 3940.6
1095.0; 37.520; -35.7; 71.9; 2559.0; -35.7; 73.8; 2633.2; 3459.2; 82.7; 3875.7; 3459.2; 84.0; 3949.9
1098.0; 37.612; -35.7; 71.4; 2567.6; -35.7; 73.2; 2641.1; 3459.2; 81.9; 3886.0; 3459.2; 83.2; 3959.5
1101.0; 37.703; -35.7; 71.9; 2579.3; -35.7; 73.8; 2653.2; 3429.2; 82.2; 3891.8; 3429.2; 83.5; 3965.7
1104.0; 37.793; -35.7; 73.9; 2592.1; -35.7; 75.9; 2667.9; 3383.8; 84.2; 3894.7; 3383.8; 85.5; 3970.5
1107.0; 37.882; -35.7; 77.8; 2603.4; -35.7; 80.0; 2683.1; 3340.9; 88.2; 3896.7; 3340.9; 89.7; 3976.4
1110.0; 37.970; -35.7; 84.1; 2613.1; -35.7; 86.6; 2699.1; 3300.3; 94.9; 3897.7; 3300.3; 96.6; 3983.7
1113.0; 38.057; -35.7; 93.4; 2620.9; -35.7; 96.5; 2716.2; 3261.9; 104.8; 3897.2; 3261.9; 107.0; 3992.6
1116.0; 38.142; -35.7; 106.6; 2626.3; -35.7; 110.5; 2735.0; 3225.3; 119.0; 3894.9; 3225.3; 121.7; 4003.6
1119.0; 38.227; -35.7; 124.4; 2628.9; -35.7; 129.8; 2755.8; 3190.5; 138.3; 3890.2; 3190.5; 142.0; 4017.1
1122.0; 38.311; -35.7; 148.0; 2628.1; -35.7; 155.6; 2779.4; 3157.3; 164.0; 3882.4; 3157.3; 169.3; 4033.7
1125.0; 38.394; -35.7; 178.5; 2623.3; -35.7; 189.7; 2806.4; 3125.6; 197.6; 3871.0; 3125.6; 205.3; 4054.1
1128.0; 38.476; -35.7; 217.3; 2613.6; -35.7; 234.0; 2837.7; 3095.3; 240.6; 3855.0; 3095.3; 252.1; 4079.2
1131.0; 38.558; -35.7; 265.7; 2598.1; -35.7; 290.9; 2874.3; 3066.3; 294.6; 3833.6; 3066.3; 312.0; 4109.8
1134.0; 38.639; -35.7; 324.7; 2576.0; -35.7; 362.9; 2917.0; 3038.5; 361.1; 3805.8; 3038.5; 387.7; 4146.9
1137.0; 38.719; -35.7; 394.9; 2546.3; -35.7; 452.9; 2966.8; 3011.8; 441.4; 3770.7; 3011.8; 481.8; 4191.2
1140.0; 38.798; -35.7; 476.4; 2508.4; -35.7; 563.2; 3024.3; 2986.2; 536.2; 3727.7; 2986.2; 596.9; 4243.6
1143.0; 38.877; -35.7; 568.0; 2462.0; -35.7; 696.1; 3089.9; 2961.6; 645.1; 3676.4; 2961.6; 735.0; 4304.2
1146.0; 38.955; -35.7; 667.6; 2407.4; -35.7; 852.4; 3163.3; 2937.9; 766.4; 3617.0; 2937.9; 896.9; 4372.9
1149.0; 39.033; -35.7; 771.4; 2345.7; -35.7; 1030.9; 3243.3; 2915.2; 897.0; 3550.8; 2915.2; 1081.3; 4448.5
1152.0; 39.110; -35.7; 874.7; 2278.9; -35.7; 1227.6; 3328.0; 2893.3; 1032.1; 3479.7; 2893.3; 1284.4; 4528.9
1155.0; 39.187; -35.7; 971.9; 2210.2; -35.7; 1434.3; 3414.2; 2872.3; 1165.7; 3406.9; 2872.3; 1498.8; 4610.9
1158.0; 39.263; -35.7; 1057.5; 2144.0; -35.7; 1638.7; 3497.4; 2852.0; 1290.8; 3336.8; 2852.0; 1713.3; 4690.2
1161.0; 39.339; -35.7; 1126.7; 2085.3; -35.7; 1824.4; 3572.7; 2832.6; 1400.4; 3274.3; 2832.6; 1912.8; 4761.8
1164.0; 39.414; -35.7; 1176.1; 2039.8; -35.7; 1972.4; 3634.5; 2813.8; 1487.9; 3225.2; 2813.8; 2079.9; 4819.9
1167.0; 39.489; -35.7; 1202.8; 2013.2; -35.7; 2062.2; 3676.9; 2795.8; 1546.9; 3195.2; 2795.8; 2194.8; 4858.9
1170.0; 39.563; -36.4; 1222.3; 2045.4; -36.4; 2095.0; 3739.6; 2458.7; 1568.1; 3142.8; 2458.7; 2249.7; 4837.0
1173.0; 39.637; -36.8; 1248.7; 2177.2; -36.8; 2081.2; 3873.2; 1426.3; 1551.3; 3013.4; 1426.3; 2260.9; 4709.3
1176.0; 39.711; -44.8; 1260.8; 2374.0; -44.8; 2011.7; 4042.9; -29.3; 1512.4; 2838.9; -29.3; 2243.2; 4507.8
1179.0; 39.785; -1026.0; 1240.8; 2611.8; -1026.0; 1877.0; 4210.1; -699.0; 1449.3; 2657.1; -699.0; 2175.7; 4255.4
1182.0; 39.860; -1986.2; 1166.2; 2864.6; -1986.2; 1664.6; 4341.0; -1340.1; 1357.4; 2502.1; -1340.1; 2034.7; 3978.5
1185.0; 39.936; -2772.1; 1021.3; 3108.9; -2772.1; 1370.7; 4399.8; -1864.3; 1231.6; 2411.5; -1864.3; 1797.3; 3702.5
1188.0; 40.014; -3226.8; 790.9; 3322.3; -3226.8; 992.5; 4345.8; -2168.2; 1050.6; 2429.5; -2168.2; 1435.7; 3453.0
1191.0; 40.092; -3486.0; 517.6; 3524.3; -3486.0; 603.6; 4218.4; -2341.0; 779.1; 2518.5; -2341.0; 968.9; 3212.6
1194.0; 40.173; -3702.3; 264.5; 3711.7; -3702.3; 288.2; 4085.6; -2485.2; 455.7; 2610.9; -2485.2; 514.5; 2984.9
1197.0; 40.256; -3839.4; 84.0; 3840.3; -3839.4; 87.3; 3977.3; -2576.6; 180.1; 2677.8; -2576.6; 188.6; 2814.8
1200.0; 40.340; -3892.2; 5.9; 3892.2; -3892.2; 6.1; 3909.8; -2611.8; 22.2; 2703.6; -2611.8; 22.3; 2721.2
1203.0; 40.428; -3879.5; 12.9; 3879.5; -3879.5; 12.9; 3879.5; -2603.3; -13.2; 2692.5; -2603.3; -13.2; 2692.5
1206.0; 40.517; -3855.8; 6.8; 3855.9; -3855.8; 6.8; 3855.9; -2587.6; -5.8; 2675.0; -2587.6; -5.8; 2675.0
1209.0; 40.610; -3831.9; 1.7; 3831.9; -3831.9; 1.7; 3832.8; -2571.6; 0.6; 2657.4; -2571.6; 0.6; 2658.3
1212.0; 40.706; -3788.6; 40.6; 3788.8; -3788.6; 40.9; 3821.1; -2542.7; 29.7; 2629.0; -2542.7; 30.0; 2661.2
1215.0; 40.806; -3722.5; 112.8; 3724.2; -3722.5; 115.4; 3822.0; -2498.7; 96.6; 2588.7; -2498.7; 99.8; 2686.5
1218.0; 40.909; -3632.2; 213.0; 3638.5; -3632.2; 222.9; 3834.8; -2438.5; 199.2; 2537.5; -2438.5; 212.7; 2733.9
1221.0; 41.017; -3519.4; 333.6; 3535.2; -3519.4; 359.5; 3856.7; -2363.3; 327.3; 2478.5; -2363.3; 364.3; 2800.0
1224.0; 41.129; -3386.5; 466.5; 3418.5; -3386.5; 520.9; 3884.9; -2274.7; 469.7; 2414.7; -2274.7; 548.5; 2881.0
1227.0; 41.246; -3235.0; 606.2; 3291.3; -3235.0; 704.7; 3917.1; -2173.7; 618.4; 2348.3; -2173.7; 760.8; 2974.1
1230.0; 41.368; -3063.4; 750.4; 3153.9; -3063.4; 913.0; 3952.7; -2059.2; 769.6; 2280.4; -2059.2; 1001.3; 3079.2
1233.0; 41.497; -2867.6; 897.9; 3004.9; -2867.6; 1150.8; 3991.5; -1928.7; 922.0; 2211.2; -1928.7; 1273.5; 3197.9
1236.0; 41.631; -2643.7; 1045.7; 2843.0; -2643.7; 1422.7; 4033.3; -1779.5; 1074.0; 2141.3; -1779.5; 1580.4; 3331.6
1239.0; 41.773; -2390.9; 1187.6; 2669.6; -2390.9; 1728.7; 4076.5; -1610.9; 1221.0; 2072.3; -1610.9; 1919.3; 3479.2
1242.0; 41.923; -2115.1; 1314.4; 2490.3; -2115.1; 2059.9; 4118.3; -1427.1; 1356.2; 2007.2; -1427.1; 2276.8; 3635.3
1245.0; 42.081; -1832.0; 1416.4; 2315.7; -1832.0; 2394.6; 4154.5; -1238.3; 1471.4; 1950.3; -1238.3; 2627.1; 3789.1
1248.0; 42.247; -1564.7; 1488.2; 2159.4; -1564.7; 2701.1; 4181.3; -1060.2; 1561.1; 1905.2; -1060.2; 2938.2; 3927.2
1251.0; 42.420; -1335.1; 1531.7; 2031.9; -1335.1; 2951.9; 4197.4; -907.1; 1625.1; 1873.2; -907.1; 3186.9; 4038.7
1254.0; 42.600; -1150.9; 1554.9; 1934.5; -1150.9; 3140.2; 4204.0; -784.3; 1667.6; 1852.3; -784.3; 3369.7; 4121.7
1257.0; 42.786; -1002.0; 1567.2; 1860.2; -1002.0; 3281.0; 4203.8; -685.0; 1694.8; 1839.6; -685.0; 3499.6; 4183.2
1260.0; 42.977; -870.1; 1575.0; 1799.4; -870.1; 3394.0; 4198.4; -597.1; 1711.8; 1833.5; -597.1; 3592.4; 4232.4
1263.0; 43.172; -748.6; 1580.4; 1748.8; -748.6; 3484.5; 4188.3; -516.1; 1720.8; 1833.2; -516.1; 3655.0; 4272.7
1266.0; 43.369; -654.3; 1584.1; 1713.9; -654.3; 3541.5; 4174.7; -453.2; 1720.2; 1837.3; -453.2; 3681.7; 4298.1
1269.0; 43.568; -601.7; 1590.3; 1700.3; -601.7; 3562.9; 4158.0; -418.1; 1703.4; 1845.1; -418.1; 3656.9; 4302.8
1272.0; 43.765; -68.7; 1491.6; 1576.8; -68.7; 3503.3; 4053.0; -62.8; 1769.5; 1946.3; -62.8; 3708.4; 4422.4
1275.0; 43.961; -35.7; 1482.1; 1564.3; -35.7; 3486.9; 4027.9; 40.6; 1765.3; 1968.0; 40.6; 3676.9; 4431.7
1278.0; 44.157; -35.7; 1382.1; 1453.0; -35.7; 3411.2; 3927.6; 880.3; 1873.0; 2069.5; 880.3; 3788.4; 4544.1
1281.0; 44.357; -35.7; 1385.3; 1456.2; -35.7; 3436.1; 3958.5; 747.9; 1897.1; 2039.3; 747.9; 3853.8; 4541.6
1284.0; 44.557; -35.7; 1392.6; 1488.2; -35.7; 3274.8; 3792.2; 1293.6; 1791.8; 2210.0; 1293.6; 3281.3; 4513.9
1287.0; 44.755; -35.7; 1362.2; 1540.6; -35.7; 3054.3; 3660.2; 1633.3; 1688.2; 2349.0; 1633.3; 2864.6; 4468.7
1290.0; 44.949; -35.7; 1361.5; 1517.1; -35.7; 3154.3; 3744.5; 1414.6; 1776.2; 2270.6; 1414.6; 3135.1; 4498.1
1293.0; 45.141; -35.7; 1368.0; 1506.4; -35.7; 3207.2; 3785.8; 1313.0; 1808.3; 2234.7; 1313.0; 3260.3; 4514.1
1296.0; 45.331; -35.7; 1360.2; 1512.8; -35.7; 3169.7; 3777.5; 1340.1; 1805.5; 2248.5; 1340.1; 3240.5; 4513.2
1299.0; 45.519; -35.7; 1337.3; 1535.0; -35.7; 3047.2; 3730.1; 1462.8; 1778.0; 2302.4; 1462.8; 3112.6; 4497.4
1302.0; 45.705; -35.7; 1299.5; 1572.7; -35.7; 2849.3; 3652.1; 1650.2; 1726.4; 2388.2; 1650.2; 2905.8; 4467.6
1305.0; 45.886; -35.7; 1249.3; 1622.2; -35.7; 2603.7; 3556.0; 1867.2; 1652.8; 2493.6; 1867.2; 2655.8; 4427.4
1308.0; 46.063; -35.7; 1189.8; 1679.1; -35.7; 2339.4; 3453.1; 2087.9; 1561.7; 2607.4; 2087.9; 2392.7; 4381.3
1311.0; 46.235; -35.7; 1122.2; 1740.2; -35.7; 2073.9; 3349.3; 2300.6; 1457.5; 2723.4; 2300.6; 2131.8; 4332.5
1314.0; 46.401; -35.7; 1047.5; 1803.3; -35.7; 1817.8; 3248.0; 2499.9; 1344.0; 2838.3; 2499.9; 1881.1; 4283.0
1317.0; 46.562; -35.7; 967.2; 1866.5; -35.7; 1578.1; 3151.7; 2682.6; 1225.3; 2949.2; 2682.6; 1646.2; 4234.4
1320.0; 46.716; -35.7; 883.5; 1928.4; -35.7; 1359.5; 3062.5; 2846.9; 1105.7; 3054.1; 2846.9; 1430.7; 4188.2
1323.0; 46.866; -35.7; 798.8; 1987.5; -35.7; 1164.1; 2981.4; 2992.6; 988.5; 3151.7; 2992.6; 1236.4; 4145.6
1326.0; 47.010; -35.7; 715.4; 2043.2; -35.7; 992.2; 2909.0; 3120.6; 876.4; 3241.4; 3120.6; 1063.4; 4107.1
1329.0; 47.149; -35.7; 635.4; 2094.9; -35.7; 843.0; 2845.4; 3232.0; 771.8; 3322.8; 3232.0; 911.6; 4073.4
1332.0; 47.284; -35.7; 561.9; 2141.4; -35.7; 717.3; 2791.5; 3326.8; 677.5; 3395.1; 3326.8; 782.0; 4045.2
1335.0; 47.414; -35.7; 501.4; 2180.2; -35.7; 620.8; 2750.7; 3402.0; 600.5; 3454.6; 3402.0; 680.7; 4025.2
1338.0; 47.541; -35.7; 466.6; 2205.5; -35.7; 567.6; 2730.6; 3449.4; 555.0; 3493.8; 3449.4; 622.5; 4018.8
1341.0; 47.664; -35.7; 471.2; 2211.2; -35.7; 573.4; 2739.7; 3459.2; 556.6; 3503.7; 3459.2; 624.6; 4032.1
1344.0; 47.785; -35.7; 483.5; 2212.0; -35.7; 591.3; 2756.0; 3459.2; 572.3; 3506.2; 3459.2; 644.3; 4050.2
1347.0; 47.902; -35.7; 495.5; 2212.9; -35.7; 608.7; 2772.3; 3459.2; 588.0; 3508.8; 3459.2; 664.1; 4068.2
1350.0; 48.017; -35.7; 507.6; 2213.8; -35.7; 626.6; 2788.6; 3459.2; 603.3; 3511.4; 3459.2; 683.5; 4086.2
1353.0; 48.129; -35.7; 519.6; 2214.7; -35.7; 644.4; 2804.7; 3459.2; 618.4; 3514.0; 3459.2; 702.8; 4104.1
1356.0; 48.239; -35.7; 531.5; 2215.6; -35.7; 662.1; 2820.8; 3459.2; 633.3; 3516.7; 3459.2; 722.0; 4121.9
1359.0; 48.347; -35.7; 543.3; 2216.6; -35.7; 679.8; 2836.8; 3459.2; 648.1; 3519.4; 3459.2; 741.1; 4139.6
1362.0; 48.453; -35.7; 554.9; 2217.6; -35.7; 697.5; 2852.8; 3459.2; 662.8; 3522.1; 3459.2; 760.1; 4157.3
1365.0; 48.558; -35.7; 566.4; 2218.7; -35.7; 715.0; 2868.7; 3459.2; 677.3; 3524.9; 3459.2; 779.0; 4174.9
1368.0; 48.660; -35.7; 577.7; 2219.7; -35.7; 732.6; 2884.5; 3459.2; 691.6; 3527.6; 3459.2; 797.8; 4192.4
1371.0; 48.761; -35.7; 588.9; 2220.9; -35.7; 750.0; 2900.2; 3459.2; 705.8; 3530.5; 3459.2; 816.5; 4209.8
1374.0; 48.861; -35.7; 600.0; 2222.0; -35.7; 767.3; 2915.8; 3459.2; 719.9; 3533.3; 3459.2; 835.1; 4227.1
1377.0; 48.958; -35.7; 610.9; 2223.2; -35.7; 784.6; 2931.4; 3459.2; 733.8; 3536.2; 3459.2; 853.6; 4244.4
1380.0; 49.055; -35.7; 621.7; 2224.4; -35.7; 801.8; 2946.9; 3459.2; 747.5; 3539.0; 3459.2; 872.0; 4261.5
1383.0; 49.150; -35.7; 632.4; 2225.6; -35.7; 818.9; 2962.3; 3459.2; 761.1; 3541.9; 3459.2; 890.2; 4278.6
1386.0; 49.243; -35.7; 643.0; 2226.8; -35.7; 835.9; 2977.5; 3459.2; 774.6; 3544.8; 3459.2; 908.3; 4295.6
1389.0; 49.335; -35.7; 673.0; 2219.1; -35.7; 885.2; 3006.1; 3441.4; 805.1; 3534.3; 3441.4; 951.2; 4321.3
1392.0; 49.426; -35.7; 725.9; 2198.6; -35.7; 976.7; 3054.3; 3395.3; 864.8; 3503.7; 3395.3; 1036.6; 4359.4
1395.0; 49.516; -35.7; 764.5; 2181.4; -35.7; 1049.2; 3098.2; 3351.9; 924.7; 3477.1; 3351.9; 1122.9; 4393.9
1398.0; 49.604; -35.7; 803.1; 2165.4; -35.7; 1122.7; 3140.1; 3310.9; 977.7; 3452.2; 3310.9; 1201.9; 4427.0
1401.0; 49.692; -35.7; 839.3; 2150.6; -35.7; 1193.8; 3179.9; 3272.1; 1025.9; 3429.1; 3272.1; 1275.9; 4458.4
1404.0; 49.778; -35.7; 872.4; 2137.1; -35.7; 1261.0; 3217.5; 3235.3; 1070.7; 3407.8; 3235.3; 1346.2; 4488.2
1407.0; 49.864; -35.7; 902.9; 2124.7; -35.7; 1324.8; 3253.3; 3200.3; 1112.4; 3388.1; 3200.3; 1412.9; 4516.6
1410.0; 49.948; -35.7; 931.2; 2113.4; -35.7; 1385.7; 3287.4; 3167.0; 1151.2; 3369.7; 3167.0; 1476.4; 4543.8
1413.0; 50.032; -35.7; 957.5; 2102.9; -35.7; 1443.7; 3320.0; 3135.2; 1187.6; 3352.6; 3135.2; 1537.0; 4569.7
1416.0; 50.115; -35.7; 982.1; 2093.2; -35.7; 1499.3; 3351.2; 3105.0; 1221.7; 3336.7; 3105.0; 1594.8; 4594.6
1419.0; 50.197; -35.7; 1005.2; 2084.3; -35.7; 1552.4; 3381.1; 3076.0; 1253.9; 3321.7; 3076.0; 1650.2; 4618.6
1422.0; 50.278; -35.7; 1026.8; 2075.9; -35.7; 1603.4; 3409.8; 3048.3; 1284.2; 3307.8; 3048.3; 1703.2; 4641.6
1425.0; 50.359; -35.7; 1047.2; 2068.2; -35.7; 1652.4; 3437.4; 3021.7; 1312.8; 3294.6; 3021.7; 1754.1; 4663.8
1428.0; 50.439; -35.7; 1066.4; 2061.0; -35.7; 1699.5; 3464.0; 2996.3; 1340.0; 3282.3; 2996.3; 1803.1; 4685.3
1431.0; 50.518; -35.7; 1084.6; 2054.3; -35.7; 1744.9; 3489.7; 2971.8; 1365.7; 3270.6; 2971.8; 1850.1; 4706.0
1434.0; 50.597; -35.7; 1095.2; 2052.4; -35.7; 1772.3; 3510.1; 2948.3; 1385.8; 3264.0; 2948.3; 1885.9; 4721.8
1437.0; 50.675; -35.7; 1095.0; 2059.3; -35.7; 1771.3; 3521.2; 2925.6; 1393.2; 3266.5; 2925.6; 1897.2; 4728.4
1440.0; 50.752; -35.7; 1086.2; 2075.6; -35.7; 1744.8; 3522.8; 2903.7; 1384.7; 3278.4; 2903.7; 1879.2; 4725.6
1443.0; 50.829; -35.7; 1069.6; 2100.0; -35.7; 1696.7; 3515.7; 2882.6; 1361.4; 3298.7; 2882.6; 1834.5; 4714.5
1446.0; 50.906; -35.7; 1046.4; 2130.7; -35.7; 1632.5; 3502.1; 2862.1; 1326.6; 3325.5; 2862.1; 1770.0; 4696.9
1449.0; 50.981; -35.7; 1018.2; 2165.5; -35.7; 1558.0; 3484.2; 2842.3; 1283.9; 3356.4; 2842.3; 1693.2; 4675.1
1452.0; 51.057; -35.7; 986.4; 2202.5; -35.7; 1478.5; 3463.8; 2823.1; 1236.7; 3389.7; 2823.1; 1610.5; 4651.0
1455.0; 51.131; -35.7; 952.3; 2240.1; -35.7; 1397.9; 3442.5; 2804.4; 1187.3; 3423.7; 2804.4; 1526.3; 4626.2
1458.0; 51.206; -35.7; 917.0; 2277.4; -35.7; 1318.8; 3421.2; 2786.3; 1137.4; 3457.6; 2786.3; 1443.6; 4601.4
1461.0; 51.279; -35.7; 881.4; 2313.9; -35.7; 1242.6; 3400.5; 2768.7; 1087.9; 3490.8; 2768.7; 1363.9; 4577.4
1464.0; 51.353; -35.7; 845.8; 2349.3; -35.7; 1170.1; 3380.7; 2751.6; 1039.5; 3523.0; 2751.6; 1287.7; 4554.4
1467.0; 51.426; -35.7; 810.7; 2383.4; -35.7; 1101.5; 3361.8; 2734.9; 992.4; 3554.1; 2734.9; 1215.4; 4532.4
1470.0; 51.498; -35.7; 776.3; 2416.3; -35.7; 1036.9; 3344.1; 2718.8; 946.7; 3583.9; 2718.8; 1147.0; 4511.7
1473.0; 51.571; -35.7; 742.6; 2447.9; -35.7; 976.0; 3327.4; 2703.0; 902.6; 3612.6; 2703.0; 1082.3; 4492.1
1476.0; 51.642; -35.7; 709.9; 2478.2; -35.7; 918.9; 3311.7; 2687.7; 860.1; 3640.1; 2687.7; 1021.2; 4473.7
1479.0; 51.714; -35.7; 678.2; 2507.2; -35.7; 865.3; 3297.1; 2672.8; 819.2; 3666.5; 2672.8; 963.7; 4456.4
1482.0; 51.785; -35.7; 647.6; 2535.0; -35.7; 815.1; 3283.6; 2658.3; 780.0; 3691.6; 2658.3; 909.6; 4440.2
1485.0; 51.855; -35.7; 618.1; 2561.6; -35.7; 768.1; 3271.0; 2644.1; 742.6; 3715.7; 2644.1; 858.8; 4425.1
1488.0; 51.925; -35.7; 589.8; 2587.0; -35.7; 724.2; 3259.5; 2630.3; 706.9; 3738.6; 2630.3; 811.2; 4411.1
1491.0; 51.995; -35.7; 562.8; 2611.2; -35.7; 683.3; 3248.9; 2616.9; 672.9; 3760.5; 2616.9; 766.6; 4398.2
1494.0; 52.065; -35.7; 537.0; 2634.3; -35.7; 645.2; 3239.3; 2603.8; 640.7; 3781.3; 2603.8; 724.9; 4386.3
1497.0; 52.134; -35.7; 512.5; 2656.3; -35.7; 609.7; 3230.6; 2591.0; 610.2; 3801.0; 2591.0; 686.0; 4375.3
1500.0; 52.202; -35.7; 489.3; 2677.2; -35.7; 576.8; 3222.7; 2578.6; 581.5; 3819.8; 2578.6; 649.7; 4365.3
1503.0; 52.271; -35.7; 467.4; 2697.1; -35.7; 546.3; 3215.7; 2566.4; 554.4; 3837.6; 2566.4; 616.0; 4356.2
1506.0; 52.339; -35.7; 446.7; 2716.0; -35.7; 518.0; 3209.6; 2554.5; 529.0; 3854.5; 2554.5; 584.8; 4348.1
1509.0; 52.407; -35.7; 427.4; 2733.9; -35.7; 492.0; 3204.2; 2543.0; 505.3; 3870.4; 2543.0; 555.8; 4340.7
1512.0; 52.474; -35.7; 409.3; 2750.9; -35.7; 467.9; 3199.6; 2531.6; 483.1; 3885.5; 2531.6; 529.0; 4334.2
1515.0; 52.541; -35.7; 392.5; 2767.0; -35.7; 445.9; 3195.7; 2520.6; 462.5; 3899.8; 2520.6; 504.4; 4328.5
1518.0; 52.608; -35.7; 376.9; 2782.2; -35.7; 425.7; 3192.5; 2509.8; 443.5; 3913.2; 2509.8; 481.8; 4323.5
1521.0; 52.674; -35.7; 362.5; 2796.6; -35.7; 407.3; 3190.1; 2499.2; 425.9; 3925.8; 2499.2; 461.1; 4319.3
1524.0; 52.740; -35.7; 349.3; 2810.2; -35.7; 390.6; 3188.3; 2488.9; 409.9; 3937.7; 2488.9; 442.3; 4315.8
1527.0; 52.806; -35.7; 337.3; 2822.9; -35.7; 375.6; 3187.1; 2478.8; 395.3; 3948.8; 2478.8; 425.3; 4313.0
1530.0; 52.872; -35.7; 326.6; 2834.9; -35.7; 362.2; 3186.6; 2468.9; 382.1; 3959.2; 2468.9; 410.1; 4310.9
1533.0; 52.937; -35.7; 317.0; 2846.1; -35.7; 350.4; 3186.7; 2459.2; 370.4; 3968.8; 2459.2; 396.6; 4309.5
1536.0; 53.002; -35.7; 308.7; 2856.5; -35.7; 340.1; 3187.5; 2449.8; 360.2; 3977.7; 2449.8; 384.9; 4308.7
1539.0; 53.067; -35.7; 301.5; 2866.2; -35.7; 331.3; 3188.9; 2440.5; 351.3; 3985.9; 2440.5; 374.7; 4308.6
1542.0; 53.131; -35.7; 295.6; 2875.1; -35.7; 324.1; 3190.9; 2431.4; 343.9; 3993.4; 2431.4; 366.3; 4309.2
1545.0; 53.195; -35.7; 290.9; 2883.2; -35.7; 318.4; 3193.6; 2422.5; 338.0; 4000.1; 2422.5; 359.6; 4310.5
1548.0; 53.259; -35.7; 287.5; 2890.6; -35.7; 314.2; 3196.9; 2413.8; 333.5; 4006.1; 2413.8; 354.5; 4312.4
1551.0; 53.323; -35.7; 285.4; 2897.1; -35.7; 311.7; 3200.8; 2405.3; 330.6; 4011.4; 2405.3; 351.2; 4315.1
1554.0; 53.387; -35.7; 284.7; 2902.9; -35.7; 310.7; 3205.5; 2396.9; 329.2; 4015.9; 2396.9; 349.7; 4318.5
1557.0; 53.450; -35.7; 285.3; 2907.8; -35.7; 311.4; 3210.9; 2388.7; 329.5; 4019.5; 2388.7; 350.0; 4322.6
1560.0; 53.513; -35.7; 287.5; 2911.9; -35.7; 313.9; 3217.0; 2380.6; 331.5; 4022.3; 2380.6; 352.2; 4327.5
1563.0; 53.576; -35.7; 291.1; 2915.0; -35.7; 318.2; 3223.9; 2372.7; 335.3; 4024.3; 2372.7; 356.4; 4333.2
1566.0; 53.638; -35.7; 296.5; 2917.2; -35.7; 324.5; 3231.7; 2364.9; 340.9; 4025.3; 2364.9; 362.8; 4339.9
1569.0; 53.701; -35.7; 303.6; 2918.3; -35.7; 332.9; 3240.4; 2357.3; 348.6; 4025.3; 2357.3; 371.5; 4347.5
1572.0; 53.763; -35.7; 312.5; 2918.4; -35.7; 343.6; 3250.1; 2349.8; 358.4; 4024.3; 2349.8; 382.6; 4356.0
1575.0; 53.825; -35.7; 323.4; 2917.2; -35.7; 356.8; 3260.9; 2342.5; 370.5; 4022.1; 2342.5; 396.5; 4365.7
1578.0; 53.887; -35.7; 336.6; 2914.8; -35.7; 372.7; 3272.8; 2335.3; 385.1; 4018.6; 2335.3; 413.2; 4376.6
1581.0; 53.948; -35.7; 352.0; 2911.0; -35.7; 391.6; 3286.0; 2328.2; 402.4; 4013.8; 2328.2; 433.2; 4388.8
1584.0; 54.010; -35.7; 370.0; 2905.7; -35.7; 413.9; 3300.7; 2321.3; 422.6; 4007.5; 2321.3; 456.7; 4402.5
1587.0; 54.071; -35.7; 390.7; 2898.7; -35.7; 439.9; 3316.9; 2314.5; 446.0; 3999.5; 2314.5; 484.2; 4417.7
1590.0; 54.132; -35.7; 414.4; 2889.9; -35.7; 470.0; 3334.8; 2307.8; 472.9; 3989.8; 2307.8; 516.0; 4434.7
1593.0; 54.193; -35.7; 441.3; 2879.1; -35.7; 504.9; 3354.7; 2301.2; 503.6; 3978.0; 2301.2; 552.8; 4453.6
1596.0; 54.254; -35.7; 471.7; 2866.1; -35.7; 544.9; 3376.6; 2294.7; 538.4; 3964.1; 2294.7; 595.0; 4474.7
1599.0; 54.314; -35.7; 505.9; 2850.5; -35.7; 591.0; 3401.0; 2288.3; 577.7; 3947.7; 2288.3; 643.4; 4498.1
1602.0; 54.374; -35.7; 544.2; 2832.3; -35.7; 643.7; 3428.0; 2282.1; 621.9; 3928.6; 2282.1; 698.8; 4524.3
1605.0; 54.435; -35.7; 586.8; 2811.0; -35.7; 704.1; 3457.9; 2275.9; 671.5; 3906.4; 2275.9; 762.0; 4553.4
1608.0; 54.495; -35.7; 634.1; 2786.3; -35.7; 773.3; 3491.2; 2269.9; 726.8; 3880.9; 2269.9; 834.0; 4585.8
1611.0; 54.555; -35.7; 686.4; 2757.9; -35.7; 852.4; 3528.1; 2264.0; 788.3; 3851.7; 2264.0; 916.2; 4621.9
1614.0; 54.615; -35.7; 743.8; 2725.3; -35.7; 942.9; 3569.0; 2258.1; 856.5; 3818.3; 2258.1; 1009.8; 4662.1
1617.0; 54.675; -35.7; 806.6; 2688.1; -35.7; 1046.5; 3614.5; 2252.4; 931.7; 3780.4; 2252.4; 1116.3; 4706.8
1620.0; 54.734; -35.7; 874.5; 2645.9; -35.7; 1164.7; 3664.9; 2246.8; 1014.3; 3737.4; 2246.8; 1237.4; 4756.4
1623.0; 54.794; -35.7; 947.4; 2598.4; -35.7; 1299.1; 3720.4; 2241.3; 1104.1; 3689.2; 2241.3; 1374.5; 4811.2
1626.0; 54.853; -35.7; 1024.1; 2545.4; -35.7; 1450.7; 3781.3; 2235.9; 1200.8; 3635.5; 2235.9; 1528.7; 4871.4
1629.0; 54.913; -35.7; 1103.2; 2487.4; -35.7; 1619.2; 3847.1; 2230.6; 1303.2; 3576.9; 2230.6; 1700.2; 4936.5
1632.0; 54.972; -35.7; 1182.0; 2425.3; -35.7; 1802.6; 3916.9; 2225.5; 1409.3; 3514.1; 2225.5; 1887.6; 5005.7
1635.0; 55.031; -35.7; 1257.5; 2360.7; -35.7; 1996.1; 3989.0; 2220.5; 1516.2; 3448.9; 2220.5; 2087.0; 5077.1
1638.0; 55.090; -35.7; 1326.5; 2296.2; -35.7; 2192.5; 4060.9; 2215.6; 1620.2; 3383.7; 2215.6; 2292.4; 5148.4
1641.0; 55.149; -35.7; 1386.2; 2234.5; -35.7; 2382.5; 4129.7; 2210.8; 1717.4; 3321.4; 2210.8; 2495.3; 5216.6
1644.0; 55.208; -35.7; 1435.0; 2178.5; -35.7; 2556.9; 4192.7; 2206.2; 1804.3; 3264.8; 2206.2; 2686.4; 5279.0
1647.0; 55.266; -35.7; 1472.8; 2130.4; -35.7; 2708.2; 4247.6; 2201.8; 1878.4; 3216.2; 2201.8; 2857.0; 5333.4
1650.0; 55.325; -35.7; 1500.8; 2091.5; -35.7; 2832.3; 4293.2; 2197.4; 1938.5; 3176.7; 2197.4; 3000.7; 5378.4
1653.0; 55.384; -35.7; 1521.1; 2061.8; -35.7; 2929.3; 4329.4; 2193.2; 1984.6; 3146.5; 2193.2; 3114.4; 5414.1
1656.0; 55.442; -35.7; 1536.2; 2040.5; -35.7; 3002.9; 4357.0; 2189.1; 2017.7; 3124.7; 2189.1; 3198.8; 5441.2
1659.0; 55.500; -35.7; 1548.7; 2025.7; -35.7; 3060.4; 4378.2; 2185.1; 2039.9; 3109.4; 2185.1; 3258.3; 5461.9
1662.0; 55.558; -35.7; 1561.1; 2014.4; -35.7; 3111.4; 4395.6; 2181.1; 2054.5; 3097.7; 2181.1; 3300.8; 5478.8
1665.0; 55.616; -35.7; 1575.7; 2003.5; -35.7; 3166.6; 4412.6; 2177.3; 2065.7; 3086.3; 2177.3; 3337.5; 5495.3
1668.0; 55.674; -35.7; 1593.1; 1989.9; -35.7; 3234.1; 4432.2; 2173.5; 2078.1; 3072.2; 2173.5; 3380.3; 5514.5
1671.0; 55.732; -35.7; 1612.2; 1971.9; -35.7; 3315.6; 4456.0; 2169.8; 2096.0; 3053.7; 2169.8; 3438.6; 5537.9
1674.0; 55.790; -35.7; 1629.7; 1950.1; -35.7; 3403.9; 4483.5; 2166.1; 2120.9; 3031.6; 2166.1; 3515.2; 5564.9
1677.0; 55.848; -35.7; 1649.3; 1934.8; -35.7; 3495.0; 4522.0; 2091.4; 2147.7; 2997.7; 2091.4; 3605.1; 5585.0
1680.0; 55.905; -35.7; 1662.5; 1921.2; -35.7; 3570.8; 4560.0; 2010.1; 2178.2; 2963.9; 2010.1; 3702.5; 5602.7
1683.0; 55.963; -35.8; 1668.7; 1911.3; -35.8; 3622.7; 4592.7; 1933.2; 2208.1; 2934.8; 1933.2; 3794.1; 5616.2
1686.0; 56.020; -36.0; 1668.0; 1906.2; -36.0; 3645.3; 4616.2; 1871.8; 2233.5; 2914.4; 1871.8; 3866.8; 5624.4
1689.0; 56.078; -36.2; 1681.6; 1934.1; -36.2; 3652.4; 4658.7; 1599.4; 2235.2; 2873.4; 1599.4; 3905.6; 5598.0
1692.0; 56.135; -36.6; 1703.2; 1989.5; -36.6; 3638.4; 4715.2; 1153.4; 2219.1; 2815.6; 1153.4; 3918.2; 5541.4
1695.0; 56.193; -37.6; 1726.2; 2067.1; -37.6; 3597.7; 4780.6; 573.4; 2190.9; 2745.6; 573.4; 3911.8; 5459.1
1698.0; 56.250; -91.8; 1745.2; 2163.0; -91.8; 3527.8; 4850.4; -57.1; 2154.5; 2667.2; -57.1; 3889.8; 5354.6
1701.0; 56.308; -532.9; 1756.6; 2272.3; -532.9; 3430.4; 4919.6; -368.1; 2111.8; 2584.8; -368.1; 3852.5; 5232.1
1704.0; 56.366; -991.3; 1756.7; 2386.3; -991.3; 3312.8; 4983.7; -675.8; 2064.9; 2503.1; -675.8; 3801.3; 5100.5
1707.0; 56.424; -1416.9; 1745.2; 2494.5; -1416.9; 3185.4; 5035.7; -960.2; 2017.5; 2429.4; -960.2; 3739.2; 4970.7
1710.0; 56.483; -1757.1; 1722.4; 2584.2; -1757.1; 3058.6; 5067.0; -1187.3; 1975.1; 2373.2; -1187.3; 3670.6; 4855.9
1713.0; 56.543; -1950.2; 1687.1; 2642.6; -1950.2; 2935.3; 5065.8; -1315.7; 1944.3; 2347.6; -1315.7; 3598.1; 4770.9
1716.0; 56.603; -2015.2; 1643.7; 2676.4; -2015.2; 2813.9; 5034.7; -1358.9; 1919.1; 2351.5; -1358.9; 3509.6; 4709.8
1719.0; 56.663; -2112.6; 1607.8; 2722.6; -2112.6; 2698.2; 5004.2; -1424.0; 1874.5; 2354.0; -1424.0; 3380.8; 4635.6
1722.0; 56.724; -2236.1; 1572.2; 2781.2; -2236.1; 2575.5; 4971.3; -1506.4; 1813.8; 2357.8; -1506.4; 3216.0; 4547.9
1725.0; 56.786; -2373.7; 1531.6; 2848.6; -2373.7; 2441.4; 4934.6; -1598.2; 1742.4; 2364.3; -1598.2; 3026.8; 4450.3
1728.0; 56.848; -2516.3; 1478.1; 2922.7; -2516.3; 2287.1; 4892.2; -1693.3; 1665.7; 2375.3; -1693.3; 2824.4; 4344.8
1731.0; 56.911; -2671.5; 1391.2; 3012.0; -2671.5; 2077.3; 4838.9; -1797.7; 1583.8; 2395.9; -1797.7; 2601.9; 4222.8
1734.0; 56.975; -2838.2; 1281.6; 3114.2; -2838.2; 1839.0; 4776.3; -1909.1; 1486.7; 2424.4; -1909.1; 2351.0; 4086.5
1737.0; 57.039; -2992.6; 1175.0; 3215.0; -2992.6; 1620.8; 4708.5; -2012.1; 1371.2; 2456.8; -2012.1; 2082.0; 3950.3
1740.0; 57.105; -3134.3; 1070.1; 3312.0; -3134.3; 1421.1; 4638.1; -2106.5; 1244.7; 2490.6; -2106.5; 1812.9; 3816.8
1743.0; 57.171; -3256.1; 971.4; 3397.9; -3256.1; 1246.2; 4569.6; -2187.7; 1119.3; 2521.7; -2187.7; 1567.3; 3693.3
1746.0; 57.239; -3351.5; 884.7; 3466.3; -3351.5; 1102.9; 4506.7; -2251.3; 1007.3; 2546.3; -2251.3; 1363.1; 3586.7
1749.0; 57.307; -3418.5; 814.6; 3514.2; -3418.5; 993.4; 4451.9; -2296.0; 916.5; 2562.4; -2296.0; 1207.1; 3500.0
1752.0; 57.377; -3459.5; 762.4; 3542.5; -3459.5; 915.3; 4405.6; -2323.3; 849.2; 2569.8; -2323.3; 1096.8; 3432.9
1755.0; 57.447; -3479.1; 726.3; 3554.1; -3479.1; 863.2; 4367.0; -2336.4; 803.2; 2569.5; -2336.4; 1024.0; 3382.4
1758.0; 57.519; -3482.7; 703.4; 3553.1; -3482.7; 830.8; 4334.5; -2338.8; 774.1; 2563.4; -2338.8; 979.3; 3344.8
1761.0; 57.592; -3475.2; 690.1; 3543.1; -3475.2; 812.7; 4306.4; -2333.8; 757.2; 2553.1; -2333.8; 954.2; 3316.4
1764.0; 57.667; -3460.1; 683.9; 3527.0; -3460.1; 804.6; 4281.5; -2323.7; 748.7; 2539.9; -2323.7; 942.2; 3294.5
1767.0; 57.743; -3439.7; 682.7; 3506.8; -3439.7; 803.7; 4259.0; -2310.1; 745.9; 2524.9; -2310.1; 939.2; 3277.0
1770.0; 57.820; -3415.4; 685.6; 3483.5; -3415.4; 808.4; 4238.2; -2293.9; 747.3; 2508.5; -2293.9; 942.9; 3263.2
1773.0; 57.899; -3387.6; 692.2; 3457.6; -3387.6; 818.3; 4219.1; -2275.4; 752.2; 2490.9; -2275.4; 952.3; 3252.4
1776.0; 57.980; -3356.1; 702.5; 3428.9; -3356.1; 833.6; 4201.6; -2254.4; 760.8; 2472.1; -2254.4; 967.6; 3244.9
1779.0; 58.062; -3320.8; 716.7; 3397.2; -3320.8; 854.6; 4185.9; -2230.8; 773.2; 2452.2; -2230.8; 989.5; 3240.8
1782.0; 58.146; -3281.1; 735.0; 3362.4; -3281.1; 881.8; 4172.0; -2204.4; 789.9; 2430.9; -2204.4; 1018.4; 3240.5
1785.0; 58.233; -3236.9; 757.2; 3324.2; -3236.9; 915.3; 4160.0; -2174.9; 810.8; 2408.2; -2174.9; 1055.0; 3243.9
1788.0; 58.322; -3187.8; 783.3; 3282.7; -3187.8; 955.3; 4149.8; -2142.2; 835.8; 2384.2; -2142.2; 1099.4; 3251.3
1791.0; 58.414; -3133.7; 813.3; 3237.5; -3133.7; 1002.2; 4141.4; -2106.1; 865.0; 2358.8; -2106.1; 1152.0; 3262.7
1794.0; 58.509; -3074.1; 847.2; 3188.7; -3074.1; 1056.6; 4135.0; -2066.4; 898.2; 2332.1; -2066.4; 1213.3; 3278.4
1797.0; 58.606; -3008.2; 885.3; 3135.8; -3008.2; 1119.5; 4130.5; -2022.5; 935.5; 2304.0; -2022.5; 1284.2; 3298.8
1800.0; 58.708; -2934.9; 928.1; 3078.1; -2934.9; 1192.4; 4128.3; -1973.6; 977.3; 2274.4; -1973.6; 1366.1; 3324.6
1803.0; 58.812; -2852.2; 976.2; 3014.7; -2852.2; 1277.8; 4128.8; -1918.5; 1024.1; 2243.0; -1918.5; 1461.4; 3357.2
1806.0; 58.919; -2757.8; 1030.7; 2944.1; -2757.8; 1379.0; 4132.5; -1855.5; 1076.9; 2209.6; -1855.5; 1573.4; 3398.0
1809.0; 59.029; -2648.2; 1092.2; 2864.6; -2648.2; 1499.9; 4139.9; -1782.5; 1136.4; 2173.8; -1782.5; 1706.1; 3449.0
1812.0; 59.142; -2519.8; 1160.9; 2774.4; -2519.8; 1645.0; 4151.4; -1696.9; 1203.1; 2135.3; -1696.9; 1863.7; 3512.3
1815.0; 59.258; -2369.6; 1235.7; 2672.4; -2369.6; 1817.5; 4167.0; -1596.7; 1276.3; 2094.4; -1596.7; 2048.9; 3589.0
1818.0; 59.376; -2197.5; 1312.7; 2559.7; -2197.5; 2016.0; 4185.8; -1482.0; 1353.8; 2052.3; -1482.0; 2260.0; 3678.4
1821.0; 59.497; -2010.0; 1385.4; 2441.2; -2010.0; 2231.4; 4205.8; -1357.0; 1430.6; 2010.9; -1357.0; 2487.1; 3775.5
1824.0; 59.621; -1821.0; 1446.3; 2325.5; -1821.0; 2445.0; 4224.1; -1231.0; 1500.8; 1973.3; -1231.0; 2712.5; 3871.8
1827.0; 59.747; -1648.7; 1490.7; 2222.6; -1648.7; 2634.8; 4238.1; -1116.1; 1559.3; 1941.6; -1116.1; 2915.1; 3957.0
1830.0; 59.875; -1507.2; 1518.4; 2139.5; -1507.2; 2784.9; 4246.8; -1021.8; 1604.0; 1916.6; -1021.8; 3080.1; 4023.9
1833.0; 60.006; -1400.2; 1533.7; 2076.7; -1400.2; 2893.8; 4250.5; -950.5; 1635.7; 1897.7; -950.5; 3203.8; 4071.5
1836.0; 60.140; -1314.5; 1543.5; 2027.4; -1314.5; 2978.4; 4250.8; -893.3; 1657.8; 1883.2; -893.3; 3296.5; 4106.6
1839.0; 60.275; -1224.8; 1554.3; 1978.9; -1224.8; 3067.7; 4249.2; -833.6; 1675.5; 1871.4; -833.6; 3377.6; 4141.6
1842.0; 60.413; -1144.6; 1561.8; 1936.3; -1144.6; 3145.1; 4246.5; -780.1; 1690.2; 1861.5; -780.1; 3447.8; 4171.6
1845.0; 60.553; -1081.4; 1564.8; 1902.1; -1081.4; 3202.5; 4242.4; -735.1; 1701.6; 1853.6; -735.1; 3504.0; 4193.9
1848.0; 60.695; -1026.6; 1566.9; 1873.3; -1026.6; 3251.1; 4237.8; -698.4; 1709.7; 1846.9; -698.4; 3548.7; 4211.4
1851.0; 60.840; -984.4; 1567.2; 1850.8; -984.4; 3286.6; 4232.6; -670.1; 1715.0; 1841.2; -670.1; 3582.0; 4223.0
1854.0; 60.987; -948.3; 1567.7; 1832.2; -948.3; 3316.8; 4227.1; -649.2; 1717.5; 1836.1; -649.2; 3606.8; 4231.1
1857.0; 61.139; -867.1; 1574.3; 1797.3; -867.1; 3387.0; 4218.7; -595.1; 1721.1; 1834.6; -595.1; 3640.4; 4256.0
1860.0; 61.297; -752.8; 1582.7; 1752.6; -752.8; 3477.7; 4206.8; -518.8; 1724.5; 1837.4; -518.8; 3676.6; 4291.5
1863.0; 61.461; -491.1; 1556.8; 1679.3; -491.1; 3526.7; 4163.0; -344.3; 1751.6; 1873.9; -344.3; 3722.8; 4357.6
1866.0; 61.632; -248.6; 1521.5; 1617.8; -248.6; 3533.7; 4117.3; -182.7; 1779.2; 1914.3; -182.7; 3753.9; 4413.7
1869.0; 61.808; -108.5; 1498.1; 1584.3; -108.5; 3525.8; 4087.7; -89.3; 1793.8; 1939.6; -89.3; 3764.4; 4443.0
1872.0; 61.988; -35.8; 1484.8; 1567.6; -35.8; 3516.7; 4070.5; -40.9; 1800.2; 1953.2; -40.9; 3765.7; 4456.1
1875.0; 62.172; -35.7; 1485.2; 1567.7; -35.7; 3514.6; 4066.8; -40.8; 1795.6; 1953.0; -40.8; 3756.4; 4452.1
1878.0; 62.359; -35.7; 1485.2; 1567.8; -35.7; 3511.9; 4063.3; -40.8; 1791.6; 1952.8; -40.8; 3748.0; 4448.2
1881.0; 62.549; -35.7; 1485.1; 1567.9; -35.7; 3509.0; 4059.7; -40.8; 1787.9; 1952.5; -40.8; 3740.1; 4444.3
1884.0; 62.742; -35.7; 1485.0; 1568.1; -35.7; 3506.1; 4056.1; -40.8; 1783.9; 1952.4; -40.8; 3731.9; 4440.3
1887.0; 62.939; -35.7; 1485.4; 1568.5; -35.7; 3503.6; 4052.2; -40.8; 1779.4; 1952.4; -40.8; 3722.4; 4436.1
1890.0; 63.138; -35.7; 1447.8; 1525.6; -35.7; 3477.9; 4015.3; 266.7; 1821.6; 1987.2; 266.7; 3770.5; 4476.9
1893.0; 63.338; -35.7; 1388.1; 1459.2; -35.7; 3439.0; 3962.4; 740.4; 1901.8; 2040.8; 740.4; 3848.5; 4544.1
1896.0; 63.537; -35.7; 1407.4; 1496.5; -35.7; 3266.0; 3760.6; 1408.4; 1751.9; 2247.8; 1408.4; 3150.4; 4511.9
1899.0; 63.732; -35.7; 1392.6; 1519.8; -35.7; 3176.7; 3711.6; 1532.5; 1719.3; 2303.2; 1532.5; 2990.1; 4495.0
1902.0; 63.924; -35.7; 1397.2; 1494.0; -35.7; 3295.3; 3806.7; 1276.9; 1807.5; 2213.1; 1276.9; 3294.2; 4525.8
1905.0; 64.115; -35.7; 1431.5; 1514.9; -35.7; 3396.3; 3912.1; 785.4; 1829.8; 2109.6; 785.4; 3495.2; 4506.8
1908.0; 64.306; -35.7; 1458.2; 1539.2; -35.7; 3451.9; 3980.6; 417.0; 1827.7; 2040.6; 417.0; 3601.4; 4482.0
1911.0; 64.498; -35.7; 1477.2; 1559.2; -35.7; 3484.1; 4023.8; 160.6; 1818.4; 1995.5; 160.6; 3656.0; 4460.0
1914.0; 64.692; -35.7; 1492.6; 1576.4; -35.7; 3506.6; 4054.6; -40.7; 1806.7; 1961.4; -40.7; 3686.6; 4439.6
1917.0; 64.887; -35.7; 1489.9; 1573.6; -35.7; 3506.5; 4054.5; -40.8; 1808.5; 1958.2; -40.8; 3698.6; 4439.2
1920.0; 65.084; -35.7; 1489.5; 1574.5; -35.7; 3502.9; 4050.6; -40.8; 1805.4; 1958.9; -40.8; 3685.4; 4435.0
1923.0; 65.281; -35.7; 1467.4; 1551.6; -35.7; 3465.7; 4002.0; 236.3; 1816.3; 2006.0; 236.3; 3625.8; 4456.4
1926.0; 65.475; -35.7; 1420.3; 1500.8; -35.7; 3361.7; 3863.9; 992.3; 1816.2; 2147.0; 992.3; 3409.0; 4510.0
1929.0; 65.664; -35.7; 1407.5; 1490.7; -35.7; 3311.4; 3802.4; 1291.8; 1797.1; 2213.2; 1291.8; 3275.8; 4524.9
1932.0; 65.850; -35.7; 1406.1; 1487.9; -35.7; 3328.7; 3823.3; 1236.1; 1815.8; 2196.7; 1236.1; 3341.8; 4532.1
1935.0; 66.034; -35.7; 1405.5; 1484.3; -35.7; 3348.4; 3845.9; 1175.8; 1833.5; 2178.2; 1175.8; 3413.4; 4539.8
1938.0; 66.217; -35.7; 1404.8; 1483.7; -35.7; 3354.0; 3854.6; 1158.0; 1839.2; 2173.4; 1158.0; 3438.5; 4544.3
1941.0; 66.399; -35.7; 1402.4; 1485.8; -35.7; 3345.0; 3852.6; 1171.8; 1837.6; 2179.4; 1171.8; 3429.8; 4546.2
1944.0; 66.580; -35.7; 1395.1; 1491.6; -35.7; 3313.2; 3841.7; 1207.7; 1832.6; 2194.7; 1207.7; 3397.6; 4544.8
1947.0; 66.759; -35.7; 1377.5; 1505.6; -35.7; 3230.7; 3812.4; 1286.4; 1820.5; 2229.1; 1286.4; 3320.2; 4535.9
1950.0; 66.937; -35.7; 1339.0; 1539.6; -35.7; 3035.0; 3737.7; 1469.9; 1782.3; 2310.2; 1469.9; 3126.0; 4508.3
1953.0; 67.114; -35.7; 1257.4; 1617.2; -35.7; 2630.2; 3575.9; 1834.9; 1669.9; 2481.0; 1834.9; 2707.4; 4439.7
1956.0; 67.286; -35.7; 1089.8; 1763.3; -35.7; 1963.8; 3303.6; 2378.2; 1412.3; 2765.9; 2378.2; 2028.8; 4306.3
1959.0; 67.453; -35.7; 757.4; 1994.2; -35.7; 1086.0; 2925.4; 3020.7; 931.9; 3161.2; 3020.7; 1148.5; 4092.3
1962.0; 67.617; -38.1; 80.2; 2701.1; -38.1; 82.4; 2785.9; 797.0; 96.2; 3304.4; 797.0; 98.4; 3389.3
1965.0; 67.784; -1474.8; -1065.5; 3595.6; -1474.8; -806.5; 2696.1; -999.8; -1136.1; 3378.4; -999.8; -876.6; 2478.9
1968.0; 67.960; -2062.1; -2139.0; 4069.8; -2062.1; -1322.6; 2449.8; -1391.8; -2258.3; 3602.4; -1391.8; -1350.9; 1982.5
1971.0; 68.147; -1482.9; -2822.4; 4150.6; -1482.9; -1499.8; 2109.1; -1005.6; -2960.9; 3926.3; -1005.6; -1566.2; 1884.8
1974.0; 68.344; -1076.3; -3238.8; 4176.7; -1076.3; -1564.9; 1899.3; -734.5; -3360.2; 4122.9; -734.5; -1662.9; 1845.5
1977.0; 68.549; -837.8; -3434.2; 4177.0; -837.8; -1579.9; 1788.3; -575.6; -3558.7; 4222.8; -575.6; -1705.2; 1834.1
1980.0; 68.764; -723.9; -3508.1; 4169.5; -723.9; -1580.5; 1738.4; -499.6; -3641.3; 4262.4; -499.6; -1718.7; 1831.4
1983.0; 68.989; -675.2; -3533.4; 4159.9; -675.2; -1580.2; 1718.4; -467.1; -3663.9; 4272.5; -467.1; -1716.7; 1831.0
1986.0; 69.226; -655.9; -3540.9; 4148.6; -655.9; -1581.8; 1712.4; -454.3; -3653.2; 4268.5; -454.3; -1705.2; 1832.3
1989.0; 69.478; -652.5; -3540.3; 4134.7; -652.5; -1586.8; 1715.7; -452.0; -3613.6; 4255.0; -452.0; -1684.2; 1836.0
1992.0; 69.747; -670.3; -3530.9; 4114.1; -670.3; -1599.3; 1734.1; -463.9; -3514.6; 4226.0; -463.9; -1641.0; 1846.0
1995.0; 70.030; -35.7; -3455.7; 3991.0; -35.7; -1484.0; 1585.3; -40.8; -3558.3; 4370.4; -40.8; -1705.2; 1964.7
1998.0; 70.316; -35.7; -3385.6; 3893.1; -35.7; -1375.2; 1445.4; 903.5; -3762.3; 4511.9; 903.5; -1855.9; 2064.1
2001.0; 70.591; -35.7; -3239.6; 3727.9; -35.7; -1389.9; 1493.2; 1386.2; -3102.5; 4469.5; 1386.2; -1752.8; 2234.7
2004.0; 70.852; -35.7; -3066.8; 3643.3; -35.7; -1319.1; 1535.9; 1578.4; -2859.6; 4434.2; 1578.4; -1709.6; 2326.8
2007.0; 71.102; -35.7; -3195.4; 3730.2; -35.7; -1350.1; 1507.6; 1369.3; -3118.4; 4468.7; 1369.3; -1780.5; 2246.1
2010.0; 71.347; -35.7; -3197.0; 3743.4; -35.7; -1352.3; 1505.8; 1346.2; -3159.6; 4476.6; 1346.2; -1789.2; 2239.0
2013.0; 71.589; -35.7; -3074.8; 3698.5; -35.7; -1323.4; 1527.3; 1464.2; -3041.3; 4462.3; 1464.2; -1762.1; 2291.1
2016.0; 71.823; -35.7; -2806.3; 3594.8; -35.7; -1265.8; 1577.3; 1708.5; -2773.0; 4421.3; 1708.5; -1691.0; 2403.8
2019.0; 72.046; -35.7; -2416.6; 3444.7; -35.7; -1181.9; 1655.6; 2032.5; -2394.9; 4354.3; 2032.5; -1565.0; 2565.2
2022.0; 72.254; -35.7; -1965.8; 3268.7; -35.7; -1070.0; 1755.5; 2381.0; -1965.1; 4267.9; 2381.0; -1385.2; 2754.6
2025.0; 72.451; -35.7; -1507.7; 3084.4; -35.7; -925.5; 1869.0; 2716.1; -1529.6; 4169.9; 2716.1; -1162.6; 2954.5
2028.0; 72.637; -35.7; -1086.9; 2907.6; -35.7; -752.4; 1986.7; 3012.2; -1125.1; 4069.6; 3012.2; -917.1; 3148.7
2031.0; 72.812; -35.7; -742.6; 2755.6; -35.7; -571.6; 2095.6; 3248.8; -786.6; 3979.4; 3248.8; -680.5; 3319.3
2034.0; 72.978; -35.7; -514.7; 2652.0; -35.7; -427.0; 2177.3; 3405.8; -556.6; 3917.3; 3405.8; -501.8; 3442.5
2037.0; 73.136; -35.7; -449.3; 2626.4; -35.7; -381.5; 2207.3; 3459.2; -489.0; 3907.0; 3459.2; -446.3; 3487.9
2040.0; 73.286; -35.7; -468.8; 2643.8; -35.7; -396.0; 2207.7; 3459.2; -509.4; 3926.2; 3459.2; -463.2; 3490.1
2043.0; 73.431; -35.7; -487.1; 2661.0; -35.7; -409.5; 2208.2; 3459.2; -530.4; 3945.2; 3459.2; -480.5; 3492.4
2046.0; 73.570; -35.7; -505.6; 2678.1; -35.7; -423.0; 2208.8; 3459.2; -551.1; 3964.1; 3459.2; -497.4; 3494.8
2049.0; 73.705; -35.7; -524.1; 2695.1; -35.7; -436.3; 2209.4; 3459.2; -571.5; 3982.8; 3459.2; -514.0; 3497.2
2052.0; 73.836; -35.7; -542.5; 2712.0; -35.7; -449.4; 2210.1; 3459.2; -591.8; 4001.5; 3459.2; -530.4; 3499.6
2055.0; 73.963; -35.7; -560.9; 2728.7; -35.7; -462.3; 2210.8; 3459.2; -611.9; 4020.0; 3459.2; -546.5; 3502.1
2058.0; 74.087; -35.7; -579.2; 2745.4; -35.7; -475.1; 2211.6; 3459.2; -631.9; 4038.5; 3459.2; -562.5; 3504.6
2061.0; 74.208; -35.7; -597.3; 2762.0; -35.7; -487.7; 2212.4; 3459.2; -651.7; 4056.8; 3459.2; -578.2; 3507.2
2064.0; 74.325; -35.7; -555.9; 2754.9; -35.7; -459.7; 2236.8; 3459.2; -616.0; 4051.4; 3459.2; -550.3; 3533.4
2067.0; 74.440; -35.7; -428.4; 2710.6; -35.7; -368.8; 2298.4; 3459.2; -490.6; 4008.9; 3459.2; -448.5; 3596.7
2070.0; 74.553; -35.7; -229.9; 2631.0; -35.7; -211.2; 2395.3; 3459.2; -282.8; 3931.0; 3459.2; -268.6; 3695.3
2073.0; 74.663; -35.7; 11.3; 2523.4; -35.7; 11.4; 2520.1; 3459.2; -18.4; 3825.2; 3459.2; -18.4; 3821.8
2076.0; 74.771; -35.7; 259.3; 2400.5; -35.7; 285.0; 2660.2; 3459.2; 267.3; 3704.0; 3459.2; 282.4; 3963.7
2079.0; 74.877; -35.7; 478.1; 2279.1; -35.7; 576.7; 2798.6; 3459.2; 535.3; 3584.3; 3459.2; 598.1; 4103.8
2082.0; 74.981; -36.3; 659.4; 2275.5; -36.3; 854.3; 3028.5; 2615.2; 759.8; 3368.0; 2615.2; 898.1; 4121.0
2085.0; 75.084; -36.8; 809.8; 2439.9; -36.8; 1085.2; 3385.8; 560.1; 924.7; 3011.7; 560.1; 1164.3; 3957.6
2088.0; 75.187; -1162.7; 903.5; 2696.8; -1162.7; 1205.0; 3743.8; -790.8; 999.0; 2639.9; -790.8; 1332.0; 3686.9
2091.0; 75.293; -2455.5; 884.2; 2972.8; -2455.5; 1139.1; 3989.5; -1653.2; 971.7; 2367.5; -1653.2; 1329.0; 3384.2
2094.0; 75.402; -3118.5; 700.5; 3196.2; -3118.5; 850.4; 4016.1; -2096.0; 831.1; 2307.8; -2096.0; 1088.1; 3127.6
2097.0; 75.516; -3367.0; 412.9; 3392.2; -3367.0; 463.9; 3892.8; -2261.7; 558.3; 2395.6; -2261.7; 661.7; 2896.2
2100.0; 75.634; -3564.6; 148.6; 3567.7; -3564.6; 155.9; 3767.0; -2393.4; 246.9; 2484.2; -2393.4; 264.8; 2683.5
2103.0; 75.759; -3656.5; 2.7; 3656.5; -3656.5; 2.9; 3682.5; -2454.7; 42.2; 2530.8; -2454.7; 42.7; 2556.7
2106.0; 75.892; -3651.2; -2.6; 3651.2; -3651.2; -2.6; 3651.2; -2451.2; 0.7; 2524.2; -2451.2; 0.7; 2524.2
2109.0; 76.033; -3629.7; 0.1; 3629.7; -3629.7; 0.1; 3629.7; -2436.8; -0.1; 2508.3; -2436.8; -0.1; 2508.4
2112.0; 76.186; -3490.8; 189.2; 3496.0; -3490.8; 198.2; 3672.0; -2344.2; 189.7; 2429.9; -2344.2; 201.5; 2606.0
2115.0; 76.353; -3171.6; 555.9; 3220.0; -3171.6; 648.5; 3783.2; -2131.4; 580.2; 2285.7; -2131.4; 700.8; 2848.9
2118.0; 76.536; -2658.6; 978.1; 2832.8; -2658.6; 1345.1; 3928.0; -1789.4; 1030.1; 2112.6; -1789.4; 1471.8; 3207.8
2121.0; 76.737; -2050.8; 1302.1; 2429.2; -2050.8; 2154.9; 4054.4; -1384.2; 1375.3; 1963.5; -1384.2; 2304.4; 3588.7
2124.0; 76.957; -1495.0; 1478.6; 2102.7; -1495.0; 2854.7; 4130.3; -1013.7; 1571.5; 1870.0; -1013.7; 2960.8; 3897.7
2127.0; 77.194; -1072.6; 1555.5; 1889.5; -1072.6; 3295.7; 4152.7; -732.1; 1661.1; 1833.9; -732.1; 3344.9; 4097.1
2130.0; 77.449; -822.6; 1581.0; 1782.2; -822.6; 3480.6; 4143.8; -565.4; 1697.8; 1831.1; -565.4; 3508.6; 4192.7
2133.0; 77.723; -750.7; 1588.1; 1756.6; -750.7; 3522.0; 4129.0; -517.5; 1705.7; 1834.8; -517.5; 3527.0; 4207.2
2136.0; 78.006; -35.7; 1468.2; 1614.0; -35.7; 3417.3; 3966.8; -40.8; 1752.7; 1993.8; -40.8; 3381.7; 4346.7
2139.0; 78.286; -35.7; 1452.5; 1620.4; -35.7; 3407.4; 3957.8; -40.8; 1753.7; 2000.0; -40.8; 3355.3; 4337.3
2142.0; 78.558; -35.7; 1384.1; 1496.3; -35.7; 3264.7; 3740.8; 1325.9; 1783.9; 2222.7; 1325.9; 3137.3; 4467.2
2145.0; 78.823; -35.7; 1356.9; 1502.8; -35.7; 3224.7; 3735.6; 1342.8; 1785.4; 2234.0; 1342.8; 3133.7; 4466.8
2148.0; 79.077; -35.7; 1283.1; 1548.4; -35.7; 2971.4; 3636.2; 1584.3; 1724.1; 2341.5; 1584.3; 2877.7; 4429.3
2151.0; 79.319; -35.7; 1141.1; 1674.8; -35.7; 2333.5; 3383.3; 2125.8; 1507.7; 2606.2; 2125.8; 2241.9; 4314.7
2154.0; 79.544; -35.7; 897.9; 1883.2; -35.7; 1454.6; 3023.7; 2781.5; 1075.6; 2982.2; 2781.5; 1383.6; 4122.6
2157.0; 79.753; -35.7; 476.9; 2138.8; -35.7; 588.7; 2643.3; 3344.9; 501.6; 3382.3; 3344.9; 559.1; 3886.8
2160.0; 79.945; -35.7; 22.1; 2379.9; -35.7; 22.2; 2391.5; 3459.2; 2.2; 3654.3; 3459.2; 2.2; 3665.8
2163.0; 80.121; -35.7; -497.3; 2631.7; -35.7; -412.3; 2172.6; 3398.6; -537.8; 3892.5; 3398.6; -487.2; 3433.4
2166.0; 80.286; -35.7; -1305.2; 3014.3; -35.7; -855.0; 1935.3; 2881.0; -1337.6; 4145.3; 2881.0; -1050.1; 3066.4
2169.0; 80.442; -35.7; -2154.4; 3378.2; -35.7; -1153.8; 1733.3; 2283.7; -2162.3; 4359.0; 2283.7; -1466.6; 2714.0
2172.0; 80.593; -35.7; -2744.3; 3626.1; -35.7; -1299.3; 1612.3; 1812.4; -2768.3; 4488.3; 1812.4; -1684.7; 2474.5
2175.0; 80.740; -35.7; -3023.1; 3754.4; -35.7; -1352.2; 1559.5; 1537.6; -3105.8; 4547.6; 1537.6; -1780.7; 2352.7
2178.0; 80.884; -35.7; -3103.8; 3801.9; -35.7; -1364.0; 1544.7; 1428.9; -3239.2; 4568.0; 1428.9; -1816.1; 2310.9
2181.0; 81.025; -35.7; -3068.8; 3795.9; -35.7; -1356.7; 1551.1; 1447.9; -3227.0; 4567.4; 1447.9; -1816.1; 2322.6
2184.0; 81.165; -35.7; -2948.2; 3749.0; -35.7; -1335.8; 1574.0; 1565.8; -3101.1; 4551.0; 1565.8; -1787.0; 2375.9
2187.0; 81.304; -35.7; -2754.5; 3669.9; -35.7; -1300.1; 1612.8; 1753.0; -2888.5; 4519.9; 1753.0; -1729.9; 2462.8
2190.0; 81.444; -35.7; -2511.0; 3571.0; -35.7; -1249.5; 1664.4; 1972.6; -2627.5; 4477.6; 1972.6; -1648.8; 2571.0
2193.0; 81.584; -35.7; -2245.2; 3464.2; -35.7; -1185.6; 1724.3; 2197.0; -2352.1; 4428.6; 2197.0; -1549.9; 2688.7
2196.0; 81.722; -35.7; -1973.7; 3354.8; -35.7; -1110.1; 1789.6; 2416.1; -2076.0; 4375.9; 2416.1; -1436.1; 2810.7
2199.0; 81.859; -35.7; -1703.4; 3244.5; -35.7; -1022.9; 1859.1; 2627.5; -1802.7; 4320.4; 2627.5; -1307.9; 2935.0
2202.0; 81.994; -35.7; -1440.4; 3135.0; -35.7; -924.6; 1931.7; 2828.4; -1536.6; 4263.2; 2828.4; -1167.7; 3059.9
2205.0; 82.125; -35.7; -1191.7; 3029.0; -35.7; -817.2; 2005.5; 3014.8; -1283.5; 4206.0; 3014.8; -1019.3; 3182.4
2208.0; 82.253; -35.7; -965.6; 2930.3; -35.7; -705.3; 2077.8; 3182.1; -1051.1; 4151.3; 3182.1; -869.3; 3298.7
2211.0; 82.378; -35.7; -776.2; 2845.9; -35.7; -599.2; 2143.4; 3322.2; -853.0; 4104.0; 3322.2; -730.6; 3401.5
2214.0; 82.499; -35.7; -648.8; 2789.1; -35.7; -521.0; 2192.6; 3420.2; -715.1; 4073.8; 3420.2; -627.5; 3477.3
2217.0; 82.618; -35.7; -612.7; 2776.1; -35.7; -498.3; 2213.1; 3459.2; -668.9; 4072.5; 3459.2; -591.7; 3509.4
2220.0; 82.733; -35.7; -633.4; 2792.8; -35.7; -512.5; 2213.8; 3459.2; -687.0; 4090.8; 3459.2; -605.8; 3511.8
2223.0; 82.846; -35.7; -649.0; 2808.8; -35.7; -522.8; 2214.9; 3459.2; -707.7; 4108.6; 3459.2; -622.2; 3514.7
2226.0; 82.956; -35.7; -666.7; 2825.0; -35.7; -534.5; 2215.9; 3459.2; -727.0; 4126.5; 3459.2; -637.2; 3517.4
2229.0; 83.064; -35.7; -684.5; 2841.0; -35.7; -546.3; 2216.9; 3459.2; -746.1; 4144.3; 3459.2; -652.0; 3520.1
2232.0; 83.170; -35.7; -702.1; 2857.0; -35.7; -557.9; 2217.9; 3459.2; -765.1; 4161.9; 3459.2; -666.6; 3522.8
2235.0; 83.273; -35.7; -719.6; 2872.8; -35.7; -569.3; 2218.9; 3459.2; -783.9; 4179.4; 3459.2; -681.0; 3525.6
2238.0; 83.375; -35.7; -737.0; 2888.5; -35.7; -580.6; 2220.0; 3459.2; -802.6; 4196.9; 3459.2; -695.3; 3528.4
2241.0; 83.475; -35.7; -754.3; 2904.1; -35.7; -591.7; 2221.1; 3459.2; -821.2; 4214.2; 3459.2; -709.3; 3531.2
2244.0; 83.573; -35.7; -771.6; 2919.7; -35.7; -602.7; 2222.3; 3459.2; -839.7; 4231.4; 3459.2; -723.3; 3534.0
2247.0; 83.670; -35.7; -788.7; 2935.1; -35.7; -613.5; 2223.5; 3459.2; -858.0; 4248.5; 3459.2; -737.0; 3536.8
2250.0; 83.765; -35.7; -722.8; 2920.9; -35.7; -572.0; 2254.2; 3459.2; -810.2; 4236.0; 3459.2; -702.8; 3569.3
2253.0; 83.859; -35.7; -586.5; 2875.2; -35.7; -482.7; 2316.4; 3459.2; -680.1; 4191.9; 3459.2; -603.7; 3633.2
2256.0; 83.952; -35.7; -433.6; 2816.4; -35.7; -374.2; 2391.7; 3459.2; -512.7; 4134.8; 3459.2; -468.3; 3710.1
2259.0; 84.043; -35.7; -302.0; 2766.4; -35.7; -272.2; 2465.1; 3430.8; -358.4; 4079.3; 3430.8; -336.1; 3778.0
2262.0; 84.133; -35.7; -203.2; 2731.9; -35.7; -189.5; 2527.1; 3385.4; -240.2; 4034.9; 3385.4; -229.9; 3830.0
2265.0; 84.222; -35.7; -134.7; 2711.1; -35.7; -128.6; 2574.5; 3342.4; -158.1; 4004.7; 3342.4; -153.6; 3868.2
2268.0; 84.309; -35.7; -89.7; 2701.2; -35.7; -87.0; 2610.1; 3301.8; -104.6; 3986.1; 3301.8; -102.5; 3895.0
2271.0; 84.396; -35.7; -61.4; 2699.3; -35.7; -60.1; 2636.9; 3263.2; -70.9; 3975.9; 3263.2; -70.0; 3913.6
2274.0; 84.482; -35.7; -44.1; 2702.5; -35.7; -43.4; 2657.9; 3226.6; -50.6; 3971.4; 3226.6; -50.1; 3926.7
2277.0; 84.567; -35.7; -33.8; 2709.0; -35.7; -33.4; 2674.8; 3191.7; -38.6; 3970.6; 3191.7; -38.3; 3936.3
2280.0; 84.651; -35.7; -28.0; 2717.5; -35.7; -27.7; 2689.2; 3158.5; -31.8; 3972.0; 3158.5; -31.6; 3943.8
2283.0; 84.734; -35.7; -24.8; 2727.0; -35.7; -24.6; 2701.9; 3126.8; -28.1; 3974.9; 3126.8; -28.0; 3949.9
2286.0; 84.816; -35.7; -23.2; 2737.0; -35.7; -23.0; 2713.6; 3096.4; -26.3; 3978.7; 3096.4; -26.2; 3955.2
2289.0; 84.897; -35.7; -22.6; 2747.2; -35.7; -22.4; 2724.4; 3067.4; -25.6; 3982.9; 3067.4; -25.5; 3960.1
2292.0; 84.978; -35.7; -22.6; 2757.5; -35.7; -22.4; 2734.7; 3039.5; -25.6; 3987.5; 3039.5; -25.4; 3964.8
2295.0; 85.058; -35.7; -22.9; 2767.8; -35.7; -22.7; 2744.6; 3012.8; -25.9; 3992.4; 3012.8; -25.8; 3969.2
2298.0; 85.137; -35.7; -23.5; 2777.9; -35.7; -23.3; 2754.2; 2987.1; -26.6; 3997.3; 2987.1; -26.5; 3973.6
2301.0; 85.216; -35.7; -24.3; 2787.9; -35.7; -24.1; 2763.4; 2962.4; -27.4; 4002.4; 2962.4; -27.3; 3977.9
2304.0; 85.294; -35.7; -25.2; 2797.8; -35.7; -25.0; 2772.4; 2938.6; -28.5; 4007.5; 2938.6; -28.3; 3982.1
2307.0; 85.372; -35.7; -26.3; 2807.5; -35.7; -26.1; 2781.0; 2915.7; -29.7; 4012.7; 2915.7; -29.5; 3986.2
2310.0; 85.448; -35.7; -27.5; 2817.2; -35.7; -27.3; 2789.4; 2893.6; -31.1; 4018.0; 2893.6; -30.9; 3990.3
2313.0; 85.525; -35.7; -28.9; 2826.7; -35.7; -28.6; 2797.6; 2872.3; -32.6; 4023.4; 2872.3; -32.4; 3994.3
2316.0; 85.600; -35.7; -30.4; 2836.1; -35.7; -30.1; 2805.5; 2851.7; -34.3; 4028.9; 2851.7; -34.1; 3998.3
2319.0; 85.676; -35.7; -32.1; 2845.5; -35.7; -31.8; 2813.2; 2831.8; -36.2; 4034.4; 2831.8; -35.9; 4002.1
2322.0; 85.750; -35.7; -34.0; 2854.8; -35.7; -33.6; 2820.6; 2812.5; -38.2; 4040.0; 2812.5; -38.0; 4005.8
2325.0; 85.825; -35.7; -36.0; 2864.0; -35.7; -35.6; 2827.8; 2793.9; -40.5; 4045.7; 2793.9; -40.2; 4009.5
2328.0; 85.898; -35.7; -38.2; 2873.2; -35.7; -37.8; 2834.8; 2775.8; -43.0; 4051.4; 2775.8; -42.6; 4013.0
