# x_m,y_m,w_tr_right_m,w_tr_left_m
5.9300,1.9096,0.5153,0.5153
5.8500,1.9575,0.5257,0.5257
5.7700,2.0118,0.5347,0.5347
5.6893,2.0656,0.5382,0.5382
5.6113,2.1150,0.5439,0.5439
5.5368,2.1747,0.5639,0.5639
5.4607,2.2528,0.5803,0.5803
5.3800,2.3244,0.5730,0.5730
5.3000,2.3864,0.5648,0.5648
5.2200,2.4426,0.5575,0.5575
5.1399,2.5004,0.5410,0.5410
5.0646,2.5516,0.5317,0.5317
4.9897,2.6085,0.5313,0.5313
4.9100,2.6729,0.5348,0.5348
4.8300,2.7319,0.5345,0.5345
4.7500,2.7867,0.5363,0.5363
4.6700,2.8387,0.5332,0.5332
4.5900,2.8928,0.5373,0.5373
4.5100,2.9528,0.5556,0.5556
4.4300,3.0169,0.5634,0.5634
4.3500,3.0698,0.5626,0.5626
4.2700,3.1142,0.5670,0.5670
4.1900,3.1637,0.5651,0.5651
4.1100,3.2084,0.5637,0.5637
4.0300,3.2484,0.5598,0.5598
3.9500,3.2819,0.5549,0.5549
3.8700,3.3281,0.5585,0.5585
3.7900,3.3766,0.5574,0.5574
3.7100,3.4158,0.5516,0.5516
3.6300,3.4409,0.5656,0.5656
3.5500,3.4673,0.5817,0.5817
3.4700,3.5063,0.5837,0.5837
3.3900,3.5611,0.5686,0.5686
3.3100,3.6084,0.5540,0.5540
3.2300,3.6410,0.5593,0.5593
3.1500,3.6736,0.5652,0.5652
3.0700,3.7161,0.5678,0.5678
2.9900,3.7678,0.5728,0.5728
2.9100,3.8204,0.5663,0.5663
2.8300,3.8628,0.5554,0.5554
2.7500,3.8894,0.5490,0.5490
2.6700,3.9005,0.5365,0.5365
2.5900,3.9103,0.5242,0.5242
2.5100,3.9292,0.5094,0.5094
2.4300,3.9401,0.5004,0.5004
2.3500,3.9407,0.4993,0.4993
2.2700,3.9400,0.5000,0.5000
2.1900,3.9400,0.4998,0.4998
2.1100,3.9400,0.4996,0.4996
2.0300,3.9400,0.5042,0.5042
1.9500,3.9400,0.5197,0.5197
1.8700,3.9400,0.5429,0.5429
1.7900,3.9406,0.5651,0.5651
1.7100,3.9358,0.5860,0.5860
1.6300,3.9214,0.5931,0.5931
1.5493,3.8896,0.5787,0.5787
1.4713,3.8449,0.5590,0.5590
1.3968,3.7995,0.5336,0.5336
1.3207,3.7734,0.5234,0.5234
1.2400,3.7583,0.5341,0.5341
1.1600,3.7307,0.5398,0.5398
1.0800,3.6920,0.5480,0.5480
1.0000,3.6381,0.5452,0.5452
0.9199,3.5764,0.5228,0.5228
0.8446,3.5216,0.4934,0.4934
0.7697,3.4790,0.4695,0.4695
0.6900,3.4368,0.4523,0.4523
0.6100,3.3958,0.4451,0.4451
0.5300,3.3573,0.4396,0.4396
0.4500,3.3124,0.4364,0.4364
0.3700,3.2641,0.4433,0.4433
0.2900,3.2171,0.4451,0.4451
0.2100,3.1738,0.4330,0.4330
0.1300,3.1359,0.4204,0.4204
0.0500,3.1015,0.4167,0.4167
-0.0300,3.0752,0.4200,0.4200
-0.1100,3.0407,0.4218,0.4218
-0.1900,3.0037,0.4219,0.4219
-0.2700,2.9646,0.4268,0.4268
-0.3500,2.9257,0.4370,0.4370
-0.4300,2.8904,0.4466,0.4466
-0.5100,2.8543,0.4518,0.4518
-0.5900,2.8077,0.4653,0.4653
-0.6700,2.7500,0.4839,0.4839
-0.7500,2.6988,0.4912,0.4912
-0.8313,2.6379,0.5128,0.5128
-0.9050,2.5605,0.5493,0.5493
-0.9731,2.4800,0.5780,0.5780
-1.0313,2.4000,0.5897,0.5897
-1.0746,2.3200,0.5906,0.5906
-1.1044,2.2400,0.5865,0.5865
-1.1251,2.1600,0.5815,0.5815
-1.1427,2.0800,0.5727,0.5727
-1.1630,2.0000,0.5685,0.5685
-1.1837,1.9200,0.5763,0.5763
-1.2022,1.8400,0.5917,0.5917
-1.2262,1.7600,0.6158,0.6158
-1.2419,1.6800,0.6333,0.6333
-1.2303,1.6000,0.6267,0.6267
-1.2006,1.5200,0.6041,0.6041
-1.1712,1.4400,0.5799,0.5799
-1.1437,1.3600,0.5614,0.5614
-1.1162,1.2800,0.5433,0.5433
-1.0864,1.2000,0.5225,0.5225
-1.0545,1.1200,0.5070,0.5070
-1.0182,1.0400,0.5006,0.5006
-0.9829,0.9600,0.5042,0.5042
-0.9453,0.8795,0.5101,0.5101
-0.8873,0.8032,0.5068,0.5068
-0.8107,0.7299,0.4990,0.4990
-0.7325,0.6580,0.4962,0.4962
-0.6581,0.5909,0.4960,0.4960
-0.5808,0.5239,0.5013,0.5013
-0.5000,0.4484,0.5113,0.5113
-0.4200,0.3798,0.5152,0.5152
-0.3400,0.3248,0.5111,0.5111
-0.2600,0.2810,0.5033,0.5033
-0.1800,0.2434,0.4894,0.4894
-0.1000,0.2087,0.4773,0.4773
-0.0200,0.1791,0.4715,0.4715
0.0600,0.1597,0.4731,0.4731
0.1400,0.1421,0.4719,0.4719
0.2200,0.1291,0.4607,0.4607
0.3000,0.1142,0.4539,0.4539
0.3800,0.1005,0.4521,0.4521
0.4600,0.0903,0.4521,0.4521
0.5400,0.0803,0.4513,0.4513
0.6200,0.0734,0.4405,0.4405
0.7000,0.0724,0.4342,0.4342
0.7800,0.0781,0.4347,0.4347
0.8600,0.0808,0.4293,0.4293
0.9400,0.0800,0.4172,0.4172
1.0200,0.0800,0.4100,0.4100
1.1000,0.0800,0.4097,0.4097
1.1800,0.0800,0.4100,0.4100
1.2600,0.0800,0.4100,0.4100
1.3400,0.0800,0.4100,0.4100
1.4200,0.0808,0.4096,0.4096
1.5000,0.0781,0.4109,0.4109
1.5800,0.0725,0.4161,0.4161
1.6600,0.0692,0.4204,0.4204
1.7400,0.0700,0.4200,0.4200
1.8200,0.0700,0.4200,0.4200
1.9000,0.0704,0.4196,0.4196
1.9800,0.0701,0.4199,0.4199
2.0600,0.0620,0.4280,0.4280
2.1400,0.0518,0.4382,0.4382
2.2200,0.0443,0.4457,0.4457
2.3000,0.0330,0.4575,0.4575
2.3807,0.0105,0.4818,0.4818
2.4587,-0.0307,0.4964,0.4964
2.5332,-0.0837,0.4895,0.4895
2.6095,-0.1341,0.4795,0.4795
2.6807,-0.1891,0.4777,0.4777
2.7526,-0.2539,0.4756,0.4756
2.8225,-0.3216,0.4694,0.4694
2.8725,-0.3992,0.4632,0.4632
2.9042,-0.4800,0.4550,0.4550
2.9277,-0.5600,0.4409,0.4409
2.9488,-0.6400,0.4335,0.4335
2.9706,-0.7200,0.4422,0.4422
2.9913,-0.8000,0.4608,0.4608
3.0101,-0.8800,0.4801,0.4801
3.0313,-0.9600,0.5013,0.5013
3.0587,-1.0400,0.5287,0.5287
3.0920,-1.1200,0.5633,0.5633
3.1233,-1.2000,0.5898,0.5898
3.1531,-1.2800,0.6015,0.6015
3.1797,-1.3600,0.6045,0.6045
3.2010,-1.4400,0.6021,0.6021
3.2303,-1.5200,0.5989,0.5989
3.2680,-1.6000,0.5934,0.5934
3.2992,-1.6800,0.5876,0.5876
3.3315,-1.7600,0.5795,0.5795
3.3676,-1.8400,0.5730,0.5730
3.3941,-1.9200,0.5751,0.5751
3.4310,-2.0000,0.5697,0.5697
3.4792,-2.0816,0.5617,0.5617
3.5352,-2.1563,0.5506,0.5506
3.6018,-2.2253,0.5328,0.5328
3.6795,-2.2860,0.5210,0.5210
3.7600,-2.3331,0.5167,0.5167
3.8400,-2.3751,0.5215,0.5215
3.9200,-2.4210,0.5163,0.5163
4.0000,-2.4541,0.5071,0.5071
4.0800,-2.4693,0.4983,0.4983
4.1600,-2.4707,0.4836,0.4836
4.2400,-2.4770,0.4747,0.4747
4.3200,-2.4939,0.4792,0.4792
4.4000,-2.5155,0.4956,0.4956
4.4800,-2.5365,0.5163,0.5163
4.5600,-2.5536,0.5336,0.5336
4.6400,-2.5651,0.5451,0.5451
4.7200,-2.5770,0.5570,0.5570
4.8000,-2.5877,0.5677,0.5677
4.8800,-2.6013,0.5813,0.5813
4.9600,-2.6180,0.5980,0.5980
5.0400,-2.6342,0.6142,0.6142
5.1200,-2.6459,0.6259,0.6259
5.2000,-2.6501,0.6301,0.6301
5.2800,-2.6500,0.6300,0.6300
5.3600,-2.6493,0.6293,0.6293
5.4400,-2.6524,0.6324,0.6324
5.5200,-2.6606,0.6406,0.6406
5.6000,-2.6675,0.6475,0.6475
5.6800,-2.6739,0.6539,0.6539
5.7600,-2.6839,0.6639,0.6639
5.8400,-2.6918,0.6715,0.6715
5.9200,-2.6921,0.6734,0.6734
6.0000,-2.6861,0.6749,0.6749
6.0800,-2.6733,0.6762,0.6762
6.1600,-2.6559,0.6798,0.6798
6.2400,-2.6382,0.6872,0.6872
6.3200,-2.6096,0.6835,0.6835
6.4000,-2.5741,0.6749,0.6749
6.4800,-2.5317,0.6621,0.6621
6.5600,-2.4842,0.6486,0.6486
6.6400,-2.4363,0.6431,0.6431
6.7200,-2.3869,0.6414,0.6414
6.8000,-2.3344,0.6378,0.6378
6.8800,-2.2715,0.6259,0.6259
6.9600,-2.2141,0.6188,0.6188
7.0400,-2.1603,0.6083,0.6083
7.1200,-2.1007,0.5881,0.5881
7.2000,-2.0534,0.5832,0.5832
7.2800,-2.0124,0.5909,0.5909
7.3600,-1.9608,0.5980,0.5980
7.4400,-1.8917,0.5877,0.5877
7.5200,-1.8256,0.5756,0.5756
7.6001,-1.7738,0.5735,0.5735
7.6754,-1.7102,0.5808,0.5808
7.7511,-1.6353,0.5803,0.5803
7.8248,-1.5597,0.5683,0.5683
7.8933,-1.4800,0.5581,0.5581
7.9586,-1.4000,0.5538,0.5538
8.0189,-1.3200,0.5566,0.5566
8.0734,-1.2400,0.5594,0.5594
8.1156,-1.1600,0.5528,0.5528
8.1412,-1.0800,0.5377,0.5377
8.1567,-1.0000,0.5202,0.5202
8.1699,-0.9200,0.5057,0.5057
8.1851,-0.8400,0.5021,0.5021
8.1967,-0.7600,0.5067,0.5067
8.2117,-0.6800,0.5214,0.5214
8.2303,-0.6000,0.5400,0.5400
8.2374,-0.5200,0.5474,0.5474
8.2336,-0.4400,0.5498,0.5498
8.2215,-0.3600,0.5560,0.5560
8.2085,-0.2800,0.5710,0.5710
8.1945,-0.1996,0.5778,0.5778
8.1630,-0.1198,0.5619,0.5619
8.1007,-0.0532,0.5240,0.5240
8.0445,0.0123,0.5008,0.5008
8.0052,0.0877,0.4971,0.4971
7.9550,0.1578,0.4829,0.4829
7.9029,0.2292,0.4715,0.4715
7.8552,0.3100,0.4684,0.4684
7.7985,0.3900,0.4620,0.4620
7.7523,0.4700,0.4560,0.4560
7.7104,0.5500,0.4522,0.4522
7.6613,0.6300,0.4640,0.4640
7.6021,0.7105,0.4844,0.4844
7.5315,0.7868,0.4908,0.4908
7.4499,0.8607,0.4884,0.4884
7.3738,0.9295,0.4872,0.4872
7.3076,0.9962,0.4938,0.4938
7.2385,1.0635,0.5040,0.5040
7.1607,1.1339,0.5187,0.5187
7.0800,1.2095,0.5359,0.5359
7.0000,1.2808,0.5444,0.5444
6.9200,1.3385,0.5441,0.5441
6.8400,1.3888,0.5467,0.5467
6.7600,1.4475,0.5412,0.5412
6.6800,1.5049,0.5327,0.5327
6.6000,1.5591,0.5132,0.5132
6.5200,1.6057,0.4938,0.4938
6.4400,1.6440,0.4968,0.4968
6.3600,1.6815,0.5040,0.5040
6.2800,1.7222,0.5050,0.5050
6.2000,1.7671,0.5050,0.5050
6.1200,1.8071,0.5066,0.5066
6.0400,1.8496,0.5071,0.5071
5.9382,1.9052,0.5120,0.5120
